run_id,fuel_type_requested,site_id,site_name,brand_name,address_line1,suburb,postcode,state,latitude,longitude,driveway_service,is_closed_now,is_closed_all_day_tomorrow,manned,membership_required,operates_24_7,product_short_name,price_today,price_tomorrow,delta_abs
20260327T174521Z,DSL,1302,CGL Fuel,CGL,3 Bandicoot Dr,KUNUNURRA,6743,WA,-15.783391,128.732259,None,False,False,False,False,True,DSL,199.5,199.5,0.0
20260327T174521Z,DSL,428,BP Port Hedland,BP,90 Anderson St,PORT HEDLAND,6721,WA,-20.312154,118.587326,Full,False,True,True,False,False,DSL,290.0,,
20260327T174521Z,DSL,760,BP Jurien Bay,BP,110 Bashford St,JURIEN BAY,6516,WA,-30.303589,115.040542,Full,False,False,True,False,False,DSL,291.0,291.0,0.0
20260327T174521Z,DSL,2280,Vibe Oakford Truckstop,VIB,1780 Thomas Rd,OAKFORD,6121,WA,-32.209305,115.952279,None,False,False,True,False,True,DSL,294.9,306.5,11.6
20260327T174521Z,DSL,2342,Burk Cannington,BUR,1510 Albany Hwy,BECKENHAM,6107,WA,-32.027183,115.950013,None,False,False,True,False,False,DSL,295.3,299.3,4.0
20260327T174521Z,DSL,2293,Burk Oakford,BUR,1526 Thomas Rd,OAKFORD,6121,WA,-32.205041,115.926114,None,False,False,True,False,True,DSL,295.3,299.3,4.0
20260327T174521Z,DSL,1855,Atlas Fuel Ascot,ATL,472 Great Eastern Hwy,ASCOT,6104,WA,-31.925213,115.951987,None,False,True,True,False,False,DSL,296.9,,
20260327T174521Z,DSL,2327,Atlas Fuel Forrestdale,ATL,12 Antsey Rd,FORRESTDALE,6112,WA,-32.147176,115.937714,None,False,True,True,False,False,DSL,296.9,,
20260327T174521Z,DSL,2081,Burk Landsdale,BUR,274 Gnangara Rd,LANDSDALE,6065,WA,-31.79903,115.847126,None,False,False,True,False,True,DSL,297.2,305.3,8.1
20260327T174521Z,DSL,1399,Liberty Beckenham,LIB,63 William St,BECKENHAM,6107,WA,-32.022054,115.954779,None,False,False,True,False,True,DSL,297.3,293.3,-4.0
20260327T174521Z,DSL,2164,Atlas Fuel Wanneroo,ATL,951 Wanneroo Rd,WANNEROO,6065,WA,-31.752615,115.803432,None,False,True,True,False,False,DSL,298.9,,
20260327T174521Z,DSL,2073,Vibe Neerabup,VIB,1 Pinnacle Dr,NEERABUP,6031,WA,-31.686965,115.783501,None,False,False,True,False,True,DSL,299.2,309.3,10.1
20260327T174521Z,DSL,1953,Burk Alkimos,BUR,12 Longstaff Ave,ALKIMOS,6038,WA,-31.628239,115.69118,None,False,False,True,False,False,DSL,299.3,307.3,8.0
20260327T174521Z,DSL,2059,Burk Bassendean,BUR,309 Guildford Rd,BASSENDEAN,6054,WA,-31.901105,115.959118,None,False,False,True,False,True,DSL,299.3,305.3,6.0
20260327T174521Z,DSL,2129,Burk Broadwater,BUR,545 Bussell Hwy,BROADWATER,6280,WA,-33.659722,115.279282,None,False,False,True,False,False,DSL,299.3,309.3,10.0
20260327T174521Z,DSL,2014,Burk Camillo,BUR,Cnr Westfield Rd & Ypres Rd,CAMILLO,6111,WA,-32.118652,116.002556,None,False,False,True,False,True,DSL,299.3,305.3,6.0
20260327T174521Z,DSL,2088,Burk Malaga,BUR,1 Harlond Ave,MALAGA,6090,WA,-31.855778,115.891559,None,False,False,True,False,True,DSL,299.3,305.3,6.0
20260327T174521Z,DSL,2261,Burk Mount Lawley,BUR,791 Beaufort St,MOUNT LAWLEY,6050,WA,-31.925887,115.880225,None,False,False,True,False,True,DSL,299.3,305.3,6.0
20260327T174521Z,DSL,2058,Burk West Swan,BUR,6639 West Swan Rd,WEST SWAN,6055,WA,-31.839036,115.990655,None,False,False,True,False,False,DSL,299.3,299.3,0.0
20260327T174521Z,DSL,1483,Glen Forrest Fuel,IND,20 Great Eastern Hwy,GLEN FORREST,6071,WA,-31.900906,116.089896,None,False,False,False,False,True,DSL,299.5,299.5,0.0
20260327T174521Z,DSL,1651,Atlas Fuel Kwinana,ATL,1 Mandurah Rd,KWINANA BEACH,6167,WA,-32.235848,115.780215,None,False,True,True,False,False,DSL,299.5,,
20260327T174521Z,DSL,1625,Vibe Kwinana OPT,VIB,Cnr Mandurah Rd & Beach St,KWINANA BEACH,6167,WA,-32.245503,115.78259,None,False,False,False,False,True,DSL,299.7,299.7,0.0
20260327T174521Z,DSL,841,Fitzroy River Lodge,IND,Lot 277 Great Northern Hwy,FITZROY CROSSING,6765,WA,-18.210729,125.581717,None,False,False,True,False,False,DSL,299.9,299.9,0.0
20260327T174521Z,DSL,2321,Atlas Fuel Golden Bay,ATL,2 Aurea Bvd,GOLDEN BAY,6174,WA,-32.42028,115.760489,None,False,True,True,False,False,DSL,299.9,,
20260327T174521Z,DSL,2012,Atlas Fuel Jarrahdale,ATL,2 Jarrahdale Rd,JARRAHDALE,6124,WA,-32.308753,116.006734,None,False,True,True,False,False,DSL,299.9,,
20260327T174521Z,DSL,1944,United Perth Airport Truck Stop,UTD,8 Paltridge Rd,PERTH AIRPORT,6105,WA,-31.956366,115.969749,None,False,False,True,False,True,DSL,299.9,305.9,6.0
20260327T174521Z,DSL,1957,Burk Williams,BUR,24 Albany Hwy,WILLIAMS,6391,WA,-33.029031,116.879548,None,False,False,True,False,False,DSL,299.9,303.9,4.0
20260327T174521Z,DSL,1277,Crudeli's Auto Repairs,BP,24 Maitland Rd,MULLEWA,6630,WA,-28.539777,115.513291,None,False,False,True,False,False,DSL,301.0,301.0,0.0
20260327T174521Z,DSL,1940,Atlas Fuel Forrestfield,ATL,78C Hale Rd,FORRESTFIELD,6058,WA,-31.988049,116.008437,None,False,True,True,False,False,DSL,301.9,,
20260327T174521Z,DSL,930,United Hepburn Heights,UTD,4 Walter Padbury Bvd,PADBURY,6025,WA,-31.81889,115.774096,None,False,False,True,False,True,DSL,301.9,314.9,13.0
20260327T174521Z,DSL,1359,Vibe Ascot,VIB,268 Great Eastern Hwy,ASCOT,6104,WA,-31.935968,115.934361,None,False,False,True,False,True,DSL,302.5,299.7,-2.8
20260327T174521Z,DSL,1407,Vibe Kwinana Town Centre,VIB,6 Chisham Ave,KWINANA TOWN CENTRE,6167,WA,-32.244599,115.815592,None,False,False,False,False,True,DSL,302.5,302.5,0.0
20260327T174521Z,DSL,2225,Petro Fuels Westminster,PFL,436 Wanneroo Rd,WESTMINSTER,6061,WA,-31.867713,115.829807,None,False,True,True,False,False,DSL,302.5,,
20260327T174521Z,DSL,2328,Vibe Baldivis,VIB,120 Kerosene Lane,BALDIVIS,6171,WA,-32.29762,115.80712,None,False,False,True,False,True,DSL,302.7,302.7,0.0
20260327T174521Z,DSL,1983,Petro Fuels Calista,LIB,103 Calista Ave,CALISTA,6167,WA,-32.248776,115.808019,None,False,True,False,False,False,DSL,302.7,,
20260327T174521Z,DSL,1978,Petro Fuels Baldivis,PFL,909 Mandurah Rd,BALDIVIS,6171,WA,-32.309663,115.796699,None,False,True,True,False,False,DSL,302.9,,
20260327T174521Z,DSL,1796,NightOwl Shell Highgate,SHL,3 Guildford Rd,MOUNT LAWLEY,6050,WA,-31.938231,115.877113,None,False,True,True,False,False,DSL,303.3,,
20260327T174521Z,DSL,647,Better Choice Tuart Hill,BET,150 Wanneroo Rd,TUART HILL,6060,WA,-31.897268,115.841447,None,False,True,True,False,False,DSL,303.5,,
20260327T174521Z,DSL,1339,Vibe Bedford,VIB,168 Walter Rd West,BEDFORD,6052,WA,-31.9,115.889257,None,False,False,True,False,True,DSL,303.7,309.7,6.0
20260327T174521Z,DSL,1970,Petro Fuels Seville Grove,PFL,537 Lake Rd,SEVILLE GROVE,6112,WA,-32.136834,115.980305,None,False,True,True,False,False,DSL,303.7,,
20260327T174521Z,DSL,2021,Atlas Fuel Caversham,ATL,40 Bennett St,CAVERSHAM,6055,WA,-31.8719994,115.9599162,None,False,True,True,False,False,DSL,303.8,,
20260327T174521Z,DSL,1522,United Byford,UTD,801-803 South Western Hwy,BYFORD,6122,WA,-32.2154436,116.0080304,None,False,True,True,False,False,DSL,303.9,,
20260327T174521Z,DSL,1611,Vibe Canning Vale,VIB,6 Birnam Rd,CANNING VALE,6155,WA,-32.075096,115.922947,None,False,False,True,False,True,DSL,303.9,309.7,5.8
20260327T174521Z,DSL,2344,Broome Discount Diesel,BDD,4 Macpherson St,DJUGUN,6725,WA,-17.952997,122.236176,None,False,False,False,False,True,DSL,303.9,309.8,5.9
20260327T174521Z,DSL,1776,Ampol Foodary High Wycombe,AMP,967-969 Abernethy Rd,HIGH WYCOMBE,6057,WA,-31.951585,115.987387,None,False,False,True,False,True,DSL,303.9,305.9,2.0
20260327T174521Z,DSL,106,Lori's Fuel Supply,IND,259 Railway Ave,KELMSCOTT,6111,WA,-32.135359,116.009481,Full,False,True,True,False,False,DSL,303.9,,
20260327T174521Z,DSL,1820,Ampol Foodary Kwinana,AMP,Cnr Mandurah Rd & Wellard Rd,KWINANA BEACH,6167,WA,-32.248836,115.78268,None,False,False,True,False,True,DSL,303.9,303.9,0.0
20260327T174521Z,DSL,637,Vibe Pinjarra,VIB,58 George St,PINJARRA,6208,WA,-32.63094,115.872555,Conditional,False,True,True,False,False,DSL,303.9,,
20260327T174521Z,DSL,1179,Vibe Welshpool,VIB,124 Welshpool Rd,WELSHPOOL,6106,WA,-31.994327,115.930681,None,False,False,True,False,True,DSL,303.9,304.7,0.8
20260327T174521Z,DSL,2334,Atlas Fuel Midvale,ATL,227 Morrison Rd,MIDVALE,6056,WA,-31.885583,116.030335,None,False,True,True,False,False,DSL,304.5,,
20260327T174521Z,DSL,1249,Vibe Hamilton Hill,VIB,114 Rockingham Rd,HAMILTON HILL,6163,WA,-32.086143,115.777233,None,False,False,True,False,True,DSL,304.7,309.7,5.0
20260327T174521Z,DSL,1243,Vibe Mandurah,VIB,2 Rafferty Rd,MANDURAH,6210,WA,-32.517315,115.743891,None,False,True,True,False,False,DSL,304.7,,
20260327T174521Z,DSL,1629,Vibe Osborne Park,VIB,7 Hutton St,OSBORNE PARK,6017,WA,-31.90631,115.813744,None,False,False,True,False,True,DSL,304.7,304.7,0.0
20260327T174521Z,DSL,1774,Ampol Foodary Byford,AMP,Lot 22 South Western Hwy,BYFORD,6122,WA,-32.226368,116.008,None,False,False,True,False,True,DSL,304.9,304.9,0.0
20260327T174521Z,DSL,1730,Ampol Foodary Forrestdale,AMP,63 Alex Wood Dr,FORRESTDALE,6112,WA,-32.146558,115.965549,None,False,False,True,False,True,DSL,304.9,309.9,5.0
20260327T174521Z,DSL,2078,Petro Fuels Karragullen,PFL,1287 Brookton Hwy,KARRAGULLEN,6111,WA,-32.105085,116.121421,None,False,True,True,False,False,DSL,304.9,,
20260327T174521Z,DSL,878,United Osborne Park,UTD,479 Scarborough Beach Rd,OSBORNE PARK,6017,WA,-31.904837,115.80609,None,False,True,True,False,False,DSL,304.9,,
20260327T174521Z,DSL,1265,Windmill Roadhouse,LIB,1 Darch St,REGANS FORD,6507,WA,-30.983045,115.702039,None,False,False,True,False,False,DSL,304.9,304.9,0.0
20260327T174521Z,DSL,2268,Atlas Fuel Thornlie,ATL,223 Yale Rd,THORNLIE,6108,WA,-32.061092,115.939257,None,False,True,True,False,False,DSL,304.9,,
20260327T174521Z,DSL,2274,Atlas Fuel Welshpool,ATL,36 Welshpool Rd,WELSHPOOL,6106,WA,-31.993707,115.919139,None,False,True,True,False,False,DSL,304.9,,
20260327T174521Z,DSL,1719,Ampol Foodary Williams,AMP,56 Albany Hwy,WILLIAMS,6391,WA,-33.023352,116.878086,None,False,False,True,False,True,DSL,304.9,304.9,0.0
20260327T174521Z,DSL,2076,Liberty Cataby,LIB,10805 Brand Hwy,CATABY,6507,WA,-30.735706,115.539091,None,False,True,True,False,False,DSL,305.5,,
20260327T174521Z,DSL,1757,Liberty Dalyellup,LIB,9 Norton Prom,DALYELLUP,6230,WA,-33.396215,115.636958,None,False,False,True,False,True,DSL,305.5,305.5,0.0
20260327T174521Z,DSL,2000,Liberty East Rockingham,LIB,115 Dixon Rd,EAST ROCKINGHAM,6168,WA,-32.2766666,115.773403,None,False,False,True,False,True,DSL,305.5,305.5,0.0
20260327T174521Z,DSL,2019,Liberty Gosnells,LIB,2341 Albany Hwy,GOSNELLS,6110,WA,-32.075216,116.005816,None,False,True,True,False,False,DSL,305.5,,
20260327T174521Z,DSL,1770,Shell High Wycombe,SHL,1100 Abernethy Rd,HIGH WYCOMBE,6057,WA,-31.938206,115.992146,None,False,False,True,False,True,DSL,305.5,305.5,0.0
20260327T174521Z,DSL,1350,Liberty Kalgoorlie,LIB,69-71 Wilson St,KALGOORLIE,6430,WA,-30.752968,121.475421,None,False,True,True,False,False,DSL,305.5,,
20260327T174521Z,DSL,2062,Liberty Landsdale,LIB,2 Cowle St,LANDSDALE,6065,WA,-31.802758,115.837737,None,False,True,True,False,False,DSL,305.5,,
20260327T174521Z,DSL,2083,Liberty Naval Base,LIB,24 Dooley St,NAVAL BASE,6165,WA,-32.197618,115.783018,None,False,False,True,False,True,DSL,305.5,305.5,0.0
20260327T174521Z,DSL,1738,Liberty Karratha,LIB,2 Cockatoo St,NICKOL,6714,WA,-20.746797,116.808697,None,False,True,True,False,False,DSL,305.5,,
20260327T174521Z,DSL,2283,Liberty O'Connor,LIB,9 Pritchard St,O'CONNOR,6163,WA,-32.063065,115.792017,None,False,True,True,False,False,DSL,305.5,,
20260327T174521Z,DSL,1370,Liberty Pinjarra,LIB,Cnr Pinjarra Rd & Carey St,PINJARRA,6208,WA,-32.626282,115.869595,None,False,False,True,False,False,DSL,305.5,303.5,-2.0
20260327T174521Z,DSL,2125,Liberty Busselton West,LIB,100 West St,WEST BUSSELTON,6280,WA,-33.656076,115.341215,Conditional,False,True,True,False,False,DSL,305.5,,
20260327T174521Z,DSL,934,United Armadale,UTD,178 South Western Hwy,ARMADALE,6112,WA,-32.161492,116.0176,None,False,True,True,False,False,DSL,305.7,,
20260327T174521Z,DSL,1033,Vibe Byford,VIB,868 South Western Hwy,BYFORD,6122,WA,-32.221206,116.009206,None,False,True,True,False,False,DSL,305.7,,
20260327T174521Z,DSL,1566,Vibe Forrestfield,VIB,159 Milner Rd,FORRESTFIELD,6058,WA,-31.961356,115.992227,None,False,False,True,False,True,DSL,305.7,305.3,-0.4
20260327T174521Z,DSL,1739,Vibe Jandakot,VIB,630 Karel Ave,JANDAKOT,6164,WA,-32.090758,115.868846,None,False,False,True,False,True,DSL,305.7,309.7,4.0
20260327T174521Z,DSL,1160,Vibe Charles St,VIB,427 Charles St,NORTH PERTH,6006,WA,-31.922312,115.850264,None,False,True,True,False,False,DSL,305.7,,
20260327T174521Z,DSL,1585,Vibe Piara Waters,VIB,386 Nicholson Rd,PIARA WATERS,6112,WA,-32.146852,115.922099,None,False,False,True,False,True,DSL,305.7,304.7,-1.0
20260327T174521Z,DSL,1539,Vibe Port Kennedy,VIB,35 Blackburn Dr,PORT KENNEDY,6172,WA,-32.371578,115.762171,None,False,True,True,False,False,DSL,305.7,,
20260327T174521Z,DSL,2008,Petro Fuels Bassendean,PFL,190 Railway Pde,BASSENDEAN,6054,WA,-31.915476,115.931768,None,False,False,False,False,True,DSL,305.9,305.9,0.0
20260327T174521Z,DSL,1188,Vibe Broadwater,VIB,375 Bussell Hwy,BROADWATER,6280,WA,-33.659283,115.298097,None,False,True,True,False,False,DSL,305.9,,
20260327T174521Z,DSL,1947,Vibe Bunbury East,VIB,13 Picton Rd,EAST BUNBURY,6230,WA,-33.345646,115.660229,None,False,False,False,False,True,DSL,305.9,310.7,4.8
20260327T174521Z,DSL,596,FastFuel 24/7,FF,54 Cumberland Rd,FORRESTFIELD,6058,WA,-31.995465,116.01183,None,False,False,False,False,True,DSL,305.9,305.9,0.0
20260327T174521Z,DSL,877,United Kewdale Truck Stop,UTD,410-412 Orrong Rd,KEWDALE,6105,WA,-31.990047,115.939258,None,False,True,True,False,False,DSL,305.9,,
20260327T174521Z,DSL,976,BP Kununurra Depot (Recharge Petroleum),BP,Cnr Stockman Rd & Bull Run Rd,KUNUNURRA,6743,WA,-15.795938,128.765977,None,False,False,False,False,True,DSL,305.9,307.9,2.0
20260327T174521Z,DSL,2341,Caltex Kununurra Depot,CAL,2257 Victoria Hwy,KUNUNURRA,6743,WA,-15.797461,128.764816,None,False,False,False,False,True,DSL,305.9,305.9,0.0
20260327T174521Z,DSL,931,United Leda,UTD,2 Feilman Dr,LEDA,6170,WA,-32.260187,115.806552,None,False,True,True,False,False,DSL,305.9,,
20260327T174521Z,DSL,1560,United Maddington Truck Stop,UTD,13 Stebbing Rd,MADDINGTON,6109,WA,-32.042356,115.99131,None,False,False,True,False,True,DSL,305.9,312.9,7.0
20260327T174521Z,DSL,328,United Albany Central,UTD,309 Albany Hwy,MOUNT MELVILLE,6330,WA,-35.005762,117.866879,None,False,False,False,False,True,DSL,305.9,314.9,9.0
20260327T174521Z,DSL,2069,United Naval Base Truck Stop,UTD,13 Lionel St,NAVAL BASE,6165,WA,-32.195425,115.783106,None,False,True,True,False,False,DSL,305.9,,
20260327T174521Z,DSL,2320,United Albany Orana,UTD,367 Albany Hwy,ORANA,6330,WA,-35.001813,117.863298,None,False,False,True,False,False,DSL,305.9,314.9,9.0
20260327T174521Z,DSL,1575,United Pinjarra Truck Stop,UTD,1602 Pinjarra Rd,PINJARRA,6208,WA,-32.610785,115.848041,None,False,True,True,False,False,DSL,305.9,,
20260327T174521Z,DSL,2051,Vibe Bunbury South,VIB,302 Blair St,SOUTH BUNBURY,6230,WA,-33.351866,115.641941,None,False,True,True,False,False,DSL,305.9,,
20260327T174521Z,DSL,1069,United South Lake,UTD,49 Berrigan Dr,SOUTH LAKE,6164,WA,-32.111481,115.838833,None,False,True,True,False,False,DSL,305.9,,
20260327T174521Z,DSL,1998,Petro Fuels Swan View,PFL,309 Morrison Rd,SWAN VIEW,6056,WA,-31.885693,116.042187,None,False,True,True,False,False,DSL,305.9,,
20260327T174521Z,DSL,1373,United Tapping,UTD,1369 Wanneroo Rd,WANNEROO,6065,WA,-31.719744,115.783408,None,False,True,True,False,False,DSL,305.9,,
20260327T174521Z,DSL,840,Better Choice Malaga,BET,3 Carson Rd,MALAGA,6090,WA,-31.855136,115.878229,None,False,True,True,False,False,DSL,306.5,,
20260327T174521Z,DSL,1330,Vibe Upper Swan,VIB,1447 Great Northern Hwy,UPPER SWAN,6069,WA,-31.765846,116.031763,None,False,False,True,False,True,DSL,306.5,306.5,0.0
20260327T174521Z,DSL,1375,Vibe Witchcliffe,VIB,10428 Bussell Hwy,WITCHCLIFFE,6286,WA,-34.026394,115.100027,None,False,True,True,False,False,DSL,306.5,,
20260327T174521Z,DSL,1443,Vibe Beechboro,VIB,495 Beechboro Rd North,BEECHBORO,6063,WA,-31.869,115.924439,None,False,True,True,False,False,DSL,306.7,,
20260327T174521Z,DSL,159,BP Baskerville,BP,1084 Great Northern Hwy,BASKERVILLE,6056,WA,-31.797752,116.021245,Conditional,False,False,True,False,False,DSL,306.9,315.9,9.0
20260327T174521Z,DSL,1837,Ampol Bibra Lake Diesel Stop,AMP,5 Cocos Dr,BIBRA LAKE,6163,WA,-32.1094,115.8097,None,False,False,False,False,True,DSL,306.9,308.9,2.0
20260327T174521Z,DSL,1861,Vibe Placid Ark Roadhouse,VIB,6947 South Western Hwy,COOLUP,6214,WA,-32.727044,115.881859,None,False,False,True,False,True,DSL,306.9,299.9,-7.0
20260327T174521Z,DSL,2285,Herne Hill General Store,VIB,777 Great Northern Hwy,HERNE HILL,6056,WA,-31.825036,116.016716,None,False,True,True,False,False,DSL,306.9,,
20260327T174521Z,DSL,1018,BP Kambalda,BP,Lot 35 Goldfields Hwy,KAMBALDA EAST,6442,WA,-31.198448,121.651811,None,False,True,True,False,False,DSL,306.9,,
20260327T174521Z,DSL,588,Darnell's General Store,IND,1230 Rosa Brook Rd,ROSA BROOK,6285,WA,-33.940371,115.196115,Full,False,True,True,False,False,DSL,307.0,,
20260327T174521Z,DSL,1860,Vibe Bullsbrook,VIB,2533 Great Northern Hwy,BULLSBROOK,6084,WA,-31.671935,116.031427,None,False,False,True,False,True,DSL,307.3,315.9,8.6
20260327T174521Z,DSL,1637,Liberty Oyster Harbour,LIB,4 Bayonet Head Rd,BAYONET HEAD,6330,WA,-34.981779,117.922103,None,False,True,True,False,False,DSL,307.5,,
20260327T174521Z,DSL,1255,Better Choice Bellevue,BET,177-179 Great Eastern Hwy,BELLEVUE,6056,WA,-31.893058,116.019419,None,False,True,True,False,False,DSL,307.5,,
20260327T174521Z,DSL,1954,Petro Fuels Albany,PFL,250 Albany Hwy,CENTENNIAL PARK,6330,WA,-35.009895,117.870443,None,False,True,True,False,False,DSL,307.5,,
20260327T174521Z,DSL,988,Better Choice Edgewater,BET,21 Edgewater Dr,EDGEWATER,6027,WA,-31.772036,115.789182,None,False,True,True,False,False,DSL,307.5,,
20260327T174521Z,DSL,1561,Liberty McKail,LIB,557 Albany Hwy,MCKAIL,6330,WA,-34.985495,117.851724,Full,False,False,True,False,True,DSL,307.5,305.5,-2.0
20260327T174521Z,DSL,1360,Vibe Mt Helena,VIB,9 McVicar Pl,MOUNT HELENA,6082,WA,-31.878494,116.209053,None,False,True,True,False,False,DSL,307.7,,
20260327T174521Z,DSL,329,BP Allway,BP,35 Albany Hwy,ALBANY,6330,WA,-35.020486,117.881858,None,False,False,True,False,False,DSL,307.9,307.9,0.0
20260327T174521Z,DSL,2119,Vibe Bullsbrook Northlink,VIB,1769 Neaves Rd,BULLSBROOK,6084,WA,-31.654313,115.974255,None,False,False,True,False,True,DSL,307.9,309.3,1.4
20260327T174521Z,DSL,1264,BP Denmark,BP,44 South Coast Hwy,DENMARK,6333,WA,-34.960484,117.353598,Full,False,False,True,False,False,DSL,307.9,307.9,0.0
20260327T174521Z,DSL,2322,Petro Fuels Denmark,PFL,69 South Coast Hwy,DENMARK,6333,WA,-34.96176,117.35116,None,False,True,True,False,False,DSL,307.9,,
20260327T174521Z,DSL,1057,United Denmark,UTD,45 South Coast Hwy,DENMARK,6333,WA,-34.960883,117.353996,None,False,False,False,False,True,DSL,307.9,307.9,0.0
20260327T174521Z,DSL,1151,United Ellenbrook,UTD,3 Locke Lane,ELLENBROOK,6069,WA,-31.77852,115.96699,None,False,True,True,False,False,DSL,307.9,,
20260327T174521Z,DSL,2197,Vibe Kalamunda,VIB,7 Mead St,KALAMUNDA,6076,WA,-31.97362,116.059448,None,False,True,True,False,False,DSL,307.9,,
20260327T174521Z,DSL,1019,BP Moora Depot,BP,153 Gardiner St,MOORA,6510,WA,-30.635255,116.008868,None,False,False,False,False,True,DSL,307.9,307.9,0.0
20260327T174521Z,DSL,270,BP Narrogin,BP,37 Federal St,NARROGIN,6312,WA,-32.9334,117.178861,Conditional,False,False,True,False,False,DSL,307.9,307.9,0.0
20260327T174521Z,DSL,1749,BP Northam OPT,BP,78 Old York Rd,NORTHAM,6401,WA,-31.649634,116.683921,None,False,False,False,False,True,DSL,307.9,307.9,0.0
20260327T174521Z,DSL,2127,Atlas Fuel Sawyers Valley,ATL,10895 Great Eastern Hwy,SAWYERS VALLEY,6074,WA,-31.903211,116.205032,None,False,True,True,False,False,DSL,307.9,,
20260327T174521Z,DSL,2217,Atlas Fuel Stratton,ATL,177 O'Connor Rd,STRATTON,6056,WA,-31.869738,116.034377,None,False,True,True,False,False,DSL,307.9,,
20260327T174521Z,DSL,1238,BP Geraldton OPT,BP,Lot 1662 Shenton St,WEST END,6530,WA,-28.783461,114.595966,None,False,False,False,False,True,DSL,307.9,307.9,0.0
20260327T174521Z,DSL,819,BP Williams Roadhouse,BP,16 Albany Hwy,WILLIAMS,6391,WA,-33.032295,116.880129,Conditional,False,False,True,False,False,DSL,307.9,307.9,0.0
20260327T174521Z,DSL,2139,Atlas Fresh Trading Co Northam,ATL,Cnr Great Eastern Hwy & Yilgarn Ave,MALABAINE,6401,WA,-31.635198,116.71624,None,False,True,True,False,False,DSL,308.3,,
20260327T174521Z,DSL,1502,United Bibra Lake,UTD,13 Whyalla Ct,BIBRA LAKE,6163,WA,-32.093798,115.802588,None,False,True,True,False,False,DSL,308.9,,
20260327T174521Z,DSL,882,United Myaree,UTD,182 Leach Hwy,MYAREE,6154,WA,-32.046212,115.812611,None,False,True,True,False,False,DSL,308.9,,
20260327T174521Z,DSL,1435,United Southern River,UTD,Lot 101 Terrier Pl,SOUTHERN RIVER,6110,WA,-32.121136,115.954582,None,False,True,True,False,False,DSL,308.9,,
20260327T174521Z,DSL,1440,Route 94 Bakers Hill,UTD,4641 Great Eastern Hwy,BAKERS HILL,6562,WA,-31.746256,116.4589423,Conditional,False,False,True,False,False,DSL,309.5,309.5,0.0
20260327T174521Z,DSL,1372,Liberty Banksia Grove,LIB,7 Honeybee Pde,BANKSIA GROVE,6031,WA,-31.703225,115.798512,None,False,True,True,False,False,DSL,309.5,,
20260327T174521Z,DSL,2294,Petro Fuels Carbunup River,PFL,6672 Bussell Hwy,CARBUNUP RIVER,6280,WA,-33.699022,115.189037,None,False,True,True,False,False,DSL,309.5,,
20260327T174521Z,DSL,1832,Liberty Dongara,LIB,30215 Brand Hwy,DONGARA,6525,WA,-29.253038,114.956368,None,False,True,True,False,False,DSL,309.5,,
20260327T174521Z,DSL,2267,Dunning's Karratha,LIB,Lot 1437 Warambie Rd,KARRATHA,6714,WA,-20.7328332,116.8434104,None,False,False,True,False,True,DSL,309.5,315.5,6.0
20260327T174521Z,DSL,975,Better Choice Margaret River,BET,211 Bussell Hwy,MARGARET RIVER,6285,WA,-33.95989,115.076412,None,False,True,True,False,False,DSL,309.5,,
20260327T174521Z,DSL,1406,Vibe Morley,VIB,430 Morley Dr,MORLEY,6062,WA,-31.887832,115.889889,None,False,False,True,False,True,DSL,309.5,314.7,5.2
20260327T174521Z,DSL,1191,Vibe Nollamara,VIB,66 Sylvia St,NOLLAMARA,6061,WA,-31.880514,115.840339,None,False,True,True,False,False,DSL,309.5,,
20260327T174521Z,DSL,1258,Vibe Subiaco,VIB,123 Thomas St,SUBIACO,6008,WA,-31.952307,115.83115,None,False,True,True,False,False,DSL,309.5,,
20260327T174521Z,DSL,2066,Liberty Tapping,LIB,3 Herdsman Lane,WANNEROO,6065,WA,-31.720162,115.783898,None,False,True,True,False,False,DSL,309.5,,
20260327T174521Z,DSL,1333,Vibe Wanneroo,VIB,964 Wanneroo Rd,WANNEROO,6065,WA,-31.751382,115.803426,None,False,True,True,False,False,DSL,309.5,,
20260327T174521Z,DSL,1244,Vibe Armadale,VIB,126 Forrest Rd,ARMADALE,6112,WA,-32.158168,116.001834,None,False,True,True,False,False,DSL,309.7,,
20260327T174521Z,DSL,1346,Vibe Bunbury Central,VIB,42 Strickland St,BUNBURY,6230,WA,-33.336043,115.646957,None,False,True,True,False,False,DSL,309.7,,
20260327T174521Z,DSL,2017,Vibe Bunbury North,VIB,81 King Rd,EAST BUNBURY,6230,WA,-33.336038,115.654472,None,False,True,True,False,False,DSL,309.7,,
20260327T174521Z,DSL,614,Vibe Toodyay Rd,VIB,2086 Toodyay Rd,GIDGEGANNUP,6083,WA,-31.794245,116.193148,None,False,True,True,False,False,DSL,309.7,,
20260327T174521Z,DSL,743,Vibe Siesta Park,VIB,367 Caves Rd,KEALY,6280,WA,-33.655538,115.220151,None,False,True,True,False,False,DSL,309.7,,
20260327T174521Z,DSL,1172,Vibe Spearwood,VIB,333 Rockingham Rd,SPEARWOOD,6163,WA,-32.105033,115.782419,None,False,False,True,False,True,DSL,309.7,312.7,3.0
20260327T174521Z,DSL,1283,Vibe Waroona,VIB,89 South Western Hwy,WAROONA,6215,WA,-32.845424,115.922328,None,False,True,True,False,False,DSL,309.7,,
20260327T174521Z,DSL,826,Smiths Shell Service,SHL,86 Avon Tce,YORK,6302,WA,-31.890671,116.768606,Full,False,False,True,False,False,DSL,309.7,309.7,0.0
20260327T174521Z,DSL,1943,United Anketell,UTD,5 Albina Ave,ANKETELL,6167,WA,-32.211351,115.855637,None,False,True,True,False,False,DSL,309.9,,
20260327T174521Z,DSL,2090,United Anketell South,UTD,805 Thomas Rd,ANKETELL,6167,WA,-32.227802,115.8558758,None,False,False,True,False,True,DSL,309.9,319.9,10.0
20260327T174521Z,DSL,1009,United Broome,UTD,49 Reid Rd,CABLE BEACH,6726,WA,-17.961207,122.215105,None,False,True,True,False,False,DSL,309.9,,
20260327T174521Z,DSL,1442,BP East Rockingham,BP,137 Dixon Rd,EAST ROCKINGHAM,6168,WA,-32.276459,115.780512,None,False,True,True,False,False,DSL,309.9,,
20260327T174521Z,DSL,1741,Ningaloo Reef Fuels,IND,6 Pelias St,EXMOUTH,6707,WA,-21.938372,114.12988,None,False,False,True,False,True,DSL,309.9,309.9,0.0
20260327T174521Z,DSL,1317,BP Forrestdale,BP,2 Alex Wood Dr,FORRESTDALE,6112,WA,-32.137312,115.969456,None,False,False,True,False,True,DSL,309.9,317.9,8.0
20260327T174521Z,DSL,1503,United Hamilton Hill,UTD,9 Winterfold Rd,HAMILTON HILL,6163,WA,-32.074926,115.780931,None,False,True,True,False,False,DSL,309.9,,
20260327T174521Z,DSL,2071,Metro Jurien Bay,MET,74 Bashford St,JURIEN BAY,6516,WA,-30.306176,115.03726,None,False,True,True,False,False,DSL,309.9,,
20260327T174521Z,DSL,1546,Karnup Roadhouse,BP,2263 Mandurah Rd,KARNUP,6176,WA,-32.427429,115.77467,Conditional,False,False,True,True,True,DSL,309.9,314.9,5.0
20260327T174521Z,DSL,181,BP Koondoola,BP,28 Koondoola Ave,KOONDOOLA,6064,WA,-31.841924,115.858276,Conditional,False,True,True,False,False,DSL,309.9,,
20260327T174521Z,DSL,2,United Lexia Truck Stop,UTD,779 Gnangara Rd,LEXIA,6079,WA,-31.795189,115.899559,None,False,True,True,False,False,DSL,309.9,,
20260327T174521Z,DSL,2189,Caltex Maddington Truck Stop,CAL,18 Orchard Rd,MADDINGTON,6109,WA,-32.035207,115.999195,None,False,False,True,False,True,DSL,309.9,319.9,10.0
20260327T174521Z,DSL,2201,Atlas Fuel Narrogin,ATL,44 Egerton St,NARROGIN,6312,WA,-32.933261,117.176675,None,False,True,True,False,False,DSL,309.9,,
20260327T174521Z,DSL,883,United Northbridge,UTD,31 Fitzgerald St,NORTHBRIDGE,6003,WA,-31.945612,115.852438,None,False,True,True,False,False,DSL,309.9,,
20260327T174521Z,DSL,2333,BP Spencer Park Service Station,BP,30 Angove Rd,SPENCER PARK,6330,WA,-35.009033,117.899664,None,False,True,True,False,False,DSL,309.9,,
20260327T174521Z,DSL,2286,Atlas Fuel Geraldton,ATL,184 North West Coastal Hwy,WONTHELLA,6530,WA,-28.759596,114.625109,None,False,True,True,False,False,DSL,309.9,,
20260327T174521Z,DSL,302,Chidlow Growers Mart Liquor Store,IND,570 Rosedale Rd,CHIDLOW,6556,WA,-31.857699,116.265987,None,False,False,True,False,False,DSL,310.0,310.0,0.0
20260327T174521Z,DSL,1229,Vibe Donnybrook,VIB,45 South Western Hwy,DONNYBROOK,6239,WA,-33.57573,115.8252,None,False,True,True,False,False,DSL,310.0,,
20260327T174521Z,DSL,52,BP Busselton,BP,26 Albert St,BUSSELTON,6280,WA,-33.652488,115.344349,Conditional,False,True,True,False,False,DSL,310.9,,
20260327T174521Z,DSL,1816,Ampol Foodary Bannister Road,AMP,60 Bannister Rd,CANNING VALE,6155,WA,-32.06343,115.926402,None,False,False,True,False,True,DSL,310.9,311.9,1.0
20260327T174521Z,DSL,1831,BP Donnybrook,BP,15 South Western Hwy,DONNYBROOK,6239,WA,-33.57079,115.822948,None,False,False,True,False,False,DSL,310.9,310.9,0.0
20260327T174521Z,DSL,1542,BP Picton Truckstop,BP,Lot 202 Wimbridge Rd,PICTON,6229,WA,-33.345328,115.696048,None,False,False,False,False,True,DSL,310.9,310.9,0.0
20260327T174521Z,DSL,36,BP Picton Wetherley Dr,BP,24 Wetherly Dr,PICTON,6229,WA,-33.344909,115.708573,None,False,False,False,False,True,DSL,310.9,310.9,0.0
20260327T174521Z,DSL,2332,United Rangeway Truck Stop,UTD,50 Rifle Range Rd,RANGEWAY,6530,WA,-28.784376,114.629472,Conditional,False,True,True,False,False,DSL,310.9,,
20260327T174521Z,DSL,41,BP Parklands,BP,85 Forrest Ave,SOUTH BUNBURY,6230,WA,-33.341493,115.650141,None,False,True,True,False,False,DSL,310.9,,
20260327T174521Z,DSL,374,BP South Bunbury,BP,188 Spencer St,SOUTH BUNBURY,6230,WA,-33.345254,115.640814,Full,False,True,True,False,False,DSL,310.9,,
20260327T174521Z,DSL,1543,BP West Kalgoorlie,BP,11 Wilurarra Rd,WEST KALGOORLIE,6430,WA,-30.785893,121.433381,None,False,False,False,False,True,DSL,310.9,310.9,0.0
20260327T174521Z,DSL,1338,Ampol Foodary Wonthella,AMP,40 North West Coastal Hwy,WONTHELLA,6530,WA,-28.778125,114.626588,None,False,True,True,False,False,DSL,310.9,,
20260327T174521Z,DSL,2350,Wellstead Store,BP,20 Windsor Rd,WELLSTEAD,6328,WA,-34.494414,118.604372,None,False,True,True,False,False,DSL,311.0,,
20260327T174521Z,DSL,1743,Ampol Foodary Malaga Drive,AMP,76 Malaga Dr,MALAGA,6090,WA,-31.863189,115.893921,None,False,False,True,False,True,DSL,311.9,316.9,5.0
20260327T174521Z,DSL,1340,Ampol Foodary Lakelands,AMP,Lot 50 Mandurah Rd,MEADOW SPRINGS,6210,WA,-32.479203,115.757774,None,False,True,True,False,False,DSL,311.9,,
20260327T174521Z,DSL,1253,BP Naval Base,BP,1351 Rockingham Rd,NAVAL BASE,6165,WA,-32.199892,115.781843,None,False,False,True,False,True,DSL,311.9,313.9,2.0
20260327T174521Z,DSL,1783,Ampol Picton Depot With Front,AMP,1 Wimbridge Rd,PICTON,6229,WA,-33.348833,115.699093,None,False,False,True,False,True,DSL,311.9,311.9,0.0
20260327T174521Z,DSL,1624,Ampol Foodary Stratton,AMP,240 Toodyay Rd,STRATTON,6056,WA,-31.865605,116.032828,None,False,False,True,False,True,DSL,311.9,311.9,0.0
20260327T174521Z,DSL,1773,Ampol Welshpool Diesel Stop,AMP,119 Kurnall Rd,WELSHPOOL,6106,WA,-31.990084,115.962119,None,False,False,False,False,True,DSL,311.9,311.9,0.0
20260327T174521Z,DSL,1367,Ampol Foodary Forrest Highway North,AMP,Lot 602 Forrest Hwy,WEST PINJARRA,6208,WA,-32.685,115.776,None,False,False,True,False,True,DSL,311.9,314.9,3.0
20260327T174521Z,DSL,1342,Ampol Foodary Forrest Highway South,AMP,Lot 601 Forrest Hwy,WEST PINJARRA,6208,WA,-32.686,115.778,None,False,False,True,False,True,DSL,311.9,314.9,3.0
20260327T174521Z,DSL,1408,Gracie's General,IND,2 Bayview Dr,GRACETOWN,6284,WA,-33.8647,114.9883,None,False,True,True,False,False,DSL,312.0,,
20260327T174521Z,DSL,2034,Astron Quinns Rocks,AST,121 Quinns Rd,QUINNS ROCKS,6030,WA,-31.672657,115.708282,None,False,True,True,False,False,DSL,312.1,,
20260327T174521Z,DSL,1196,Vibe Bridgetown,VIB,169 Hampton St,BRIDGETOWN,6255,WA,-33.957232,116.137001,Conditional,False,True,True,False,False,DSL,312.7,,
20260327T174521Z,DSL,1131,BP Bibra Lake,BP,2 Wellard St,BIBRA LAKE,6163,WA,-32.103888,115.804171,None,False,False,True,False,False,DSL,312.9,317.9,5.0
20260327T174521Z,DSL,1789,Ampol Bridgetown Diesel Stop,AMP,1 Spencer St,BRIDGETOWN,6255,WA,-33.959132,116.138746,None,False,False,True,False,True,DSL,312.9,312.9,0.0
20260327T174521Z,DSL,919,BP Roadhouse Bridgetown,BP,43 Hampton St,BRIDGETOWN,6255,WA,-33.963182,116.135457,None,False,True,True,False,False,DSL,312.9,,
20260327T174521Z,DSL,786,BP Roadhouse Dongara,BP,30373 Brand Hwy,DONGARA,6525,WA,-29.251818,114.940463,Full,False,False,True,False,False,DSL,312.9,319.9,7.0
20260327T174521Z,DSL,2150,Kambalda Roadhouse,LIB,2 Bluebush Rd,KAMBALDA WEST,6442,WA,-31.211491,121.621704,None,False,False,True,False,True,DSL,312.9,312.9,0.0
20260327T174521Z,DSL,795,BP Manjimup,BP,96 Giblett St,MANJIMUP,6258,WA,-34.238738,116.148213,None,False,False,True,False,False,DSL,312.9,312.9,0.0
20260327T174521Z,DSL,2314,Solo Morley,SOL,298 Benara Rd,MORLEY,6062,WA,-31.875866,115.925309,None,False,False,True,False,True,DSL,312.9,312.9,0.0
20260327T174521Z,DSL,2180,Caltex Naval Base,CAL,Cnr Rockingham Rd & Lee Rd,NAVAL BASE,6165,WA,-32.206745,115.784712,None,False,False,True,False,True,DSL,312.9,316.9,4.0
20260327T174521Z,DSL,2074,United Vasse Truck Stop,UTD,210 Northerly St,VASSE,6280,WA,-33.684229,115.23136,None,False,True,True,False,False,DSL,312.9,,
20260327T174521Z,DSL,2016,Liberty West Busselton,LIB,259 Bussell Hwy,WEST BUSSELTON,6280,WA,-33.657357,115.31171,None,False,True,True,False,False,DSL,313.3,,
20260327T174521Z,DSL,331,Little Grove General Store,SHL,639 Frenchmans Bay Rd,LITTLE GROVE,6330,WA,-35.068075,117.869841,Conditional,False,True,True,False,False,DSL,313.5,,
20260327T174521Z,DSL,1478,Dunning's Picton,SHL,254 South Western Hwy,PICTON,6229,WA,-33.351434,115.69075,None,False,False,False,False,True,DSL,313.5,313.5,0.0
20260327T174521Z,DSL,825,Gull York Roadhouse,GUL,63 Avon Tce,YORK,6302,WA,-31.89332,116.768037,Conditional,False,True,True,False,False,DSL,313.7,,
20260327T174521Z,DSL,1303,BP Karratha West,BP,Lot 9 Resource Rd,GAP RIDGE,6714,WA,-20.750655,116.767582,None,False,False,True,False,True,DSL,313.9,317.9,4.0
20260327T174521Z,DSL,629,Mundijong Store & Deli,IND,20 Paterson St,MUNDIJONG,6123,WA,-32.29564,115.985466,None,False,False,True,False,False,DSL,314.0,314.0,0.0
20260327T174521Z,DSL,1326,NightOwl Shell Bellevue,SHL,49 Great Eastern Hwy,BELLEVUE,6056,WA,-31.895576,116.032806,None,False,True,True,False,False,DSL,314.3,,
20260327T174521Z,DSL,1475,NightOwl Shell Maddington,SHL,1 Davison St,MADDINGTON,6109,WA,-32.045398,115.988733,None,False,True,True,False,False,DSL,314.3,,
20260327T174521Z,DSL,1325,NightOwl Shell Ravenswood,SHL,6 Beacham Rd,RAVENSWOOD,6208,WA,-32.608301,115.844974,None,False,True,True,False,False,DSL,314.3,,
20260327T174521Z,DSL,1519,NightOwl Shell Redcliffe,SHL,443 Great Eastern Hwy,REDCLIFFE,6104,WA,-31.929508,115.945947,None,False,True,True,False,False,DSL,314.3,,
20260327T174521Z,DSL,1241,Better Choice Karridale Roadhouse,BET,12440 Bussell Hwy,KARRIDALE,6288,WA,-34.202254,115.099018,None,False,True,True,False,False,DSL,314.5,,
20260327T174521Z,DSL,1171,BP Baldivis Northbound Travel Centre,BP,Lot 191 Paparone Rd,BALDIVIS,6171,WA,-32.309137,115.830397,None,False,False,True,False,True,DSL,314.9,316.9,2.0
20260327T174521Z,DSL,1219,BP Baldivis Southbound Travel Centre,BP,Lot 192 Leary Rd,BALDIVIS,6171,WA,-32.309281,115.83277,None,False,False,True,False,True,DSL,314.9,316.9,2.0
20260327T174521Z,DSL,1001,United East Victoria Park,UTD,916 Albany Hwy,EAST VICTORIA PARK,6101,WA,-31.98781,115.905402,None,False,True,True,False,False,DSL,314.9,,
20260327T174521Z,DSL,235,BP 2go Morrison Road,BP,228 Morrison Rd,MIDVALE,6056,WA,-31.886395,116.030977,None,False,False,True,False,True,DSL,314.9,314.9,0.0
20260327T174521Z,DSL,2317,AMPM Beachway,SHL,260 Middleton Rd,MIRA MAR,6330,WA,-35.016939,117.891121,None,False,True,True,False,False,DSL,314.9,,
20260327T174521Z,DSL,2316,AMPM Highway,SHL,225-227 Albany Hwy,MOUNT MELVILLE,6330,WA,-35.012389,117.871372,None,False,True,True,False,False,DSL,314.9,,
20260327T174521Z,DSL,2335,Astron Neerabup,AST,2038 Wanneroo Rd,NEERABUP,6031,WA,-31.672434,115.743141,None,False,True,True,False,False,DSL,314.9,,
20260327T174521Z,DSL,2315,Solo Riverton,SOL,268 High Rd,RIVERTON,6148,WA,-32.038363,115.896754,None,False,False,True,False,True,DSL,314.9,313.9,-1.0
20260327T174521Z,DSL,672,Serpentine Falls Roadhouse,IND,2 Falls Rd,SERPENTINE,6125,WA,-32.364781,115.991703,None,False,False,True,False,False,DSL,314.9,314.9,0.0
20260327T174521Z,DSL,2111,Petro Fuels Shoalwater,CAL,113-121 Safety Bay Rd,SHOALWATER,6169,WA,-32.292358,115.71055,None,False,True,True,False,False,DSL,314.9,,
20260327T174521Z,DSL,2140,Caltex Lakes Road Nambeelup,CAL,6 Dollyup St,STAKE HILL,6210,WA,-32.51067,115.815529,None,False,True,True,False,False,DSL,314.9,,
20260327T174521Z,DSL,2310,Metro Albany,MET,269 York St,ALBANY,6330,WA,-35.021822,117.883089,None,False,False,True,False,False,DSL,315.5,315.5,0.0
20260327T174521Z,DSL,1086,Better Choice Como,BET,25 Preston St,COMO,6152,WA,-31.994235,115.859554,Conditional,False,True,True,False,False,DSL,315.5,,
20260327T174521Z,DSL,814,United Mount Barker Roadhouse Truck Stop,UTD,31763 Albany Hwy,MOUNT BARKER,6324,WA,-34.619755,117.662039,Conditional,False,True,True,False,False,DSL,315.5,,
20260327T174521Z,DSL,1626,BP Augusta,BP,64-66 Blackwood Ave,AUGUSTA,6290,WA,-34.315893,115.159351,Full,False,True,True,False,False,DSL,315.9,,
20260327T174521Z,DSL,2025,Geographe Petroleum,LIB,84 Strelly St,BUSSELTON,6280,WA,-33.662853,115.348585,Full,False,False,True,False,True,DSL,315.9,315.9,0.0
20260327T174521Z,DSL,1104,BP Canning Vale OPT,BP,13 Bannister Rd,CANNING VALE,6155,WA,-32.059609,115.930743,None,False,False,False,False,True,DSL,315.9,315.9,0.0
20260327T174521Z,DSL,1138,BP Beeliar,BP,701 Beeliar Dr,COCKBURN CENTRAL,6164,WA,-32.127157,115.843357,Conditional,False,False,True,False,True,DSL,315.9,319.9,4.0
20260327T174521Z,DSL,1449,BP Cowaramup,BP,1 Roy Earl Dr,COWARAMUP,6284,WA,-33.855134,115.100534,None,False,True,True,False,False,DSL,315.9,,
20260327T174521Z,DSL,1873,Fruit Barn,LIB,7 South Western Hwy,DONNYBROOK,6239,WA,-33.569035,115.821991,Full,False,False,True,False,True,DSL,315.9,315.9,0.0
20260327T174521Z,DSL,741,BP Dunsborough,BP,238 Naturaliste Tce,DUNSBOROUGH,6281,WA,-33.615716,115.106019,None,False,True,True,False,False,DSL,315.9,,
20260327T174521Z,DSL,1029,BP Golden Gate,BP,438 Hannan St,KALGOORLIE,6430,WA,-30.752976,121.466012,None,False,False,True,False,True,DSL,315.9,317.9,2.0
20260327T174521Z,DSL,1305,United Kellerberrin Truck Stop,UTD,150 Massingham St,KELLERBERRIN,6410,WA,-31.633056,117.727173,None,False,False,True,False,True,DSL,315.9,318.9,3.0
20260327T174521Z,DSL,694,Shell Lower King Liquor & General,SHL,629 Lower King Rd,LOWER KING,6330,WA,-34.949189,117.943697,Conditional,False,True,True,False,False,DSL,315.9,,
20260327T174521Z,DSL,1236,United Manjimup,UTD,1 Rose St,MANJIMUP,6258,WA,-34.248114,116.140913,None,False,False,False,False,True,DSL,315.9,315.9,0.0
20260327T174521Z,DSL,1830,BP Broome Depot (Recharge Petroleum),BP,276 Port Dr,MINYIRR,6725,WA,-17.992889,122.204306,None,False,False,False,False,True,DSL,315.9,319.9,4.0
20260327T174521Z,DSL,1982,Petro Fuels Mount Barker,BP,25 Mitchell Rd,MOUNT BARKER,6324,WA,-34.63362,117.665866,None,False,False,True,False,True,DSL,315.9,319.5,3.6
20260327T174521Z,DSL,2196,Ampol Rous Head,AMP,Cnr North Mole Dr & Rous Head Rd,NORTH FREMANTLE,6159,WA,-32.041146,115.738844,None,False,False,False,False,True,DSL,315.9,315.9,0.0
20260327T174521Z,DSL,1405,BP Pemberton Garage & Service Station,BP,84 Brockman St,PEMBERTON,6260,WA,-34.443601,116.036925,None,False,False,True,False,True,DSL,315.9,315.9,0.0
20260327T174521Z,DSL,1063,BP The Lakes Roadhouse,BP,13724 Great Eastern Hwy,THE LAKES,6556,WA,-31.875285,116.320602,None,False,False,True,False,True,DSL,315.9,315.9,0.0
20260327T174521Z,DSL,2255,Dunning's Wedgefield,SHL,6 Tailings Elb,WEDGEFIELD,6721,WA,-20.37681,118.59805,None,False,False,False,False,True,DSL,315.9,319.9,4.0
20260327T174521Z,DSL,1017,BP Kalgoorlie-Boulder Truckstop,BP,248 Celebration Rd,YILKARI,6430,WA,-30.806356,121.490051,None,False,False,True,False,True,DSL,315.9,317.9,2.0
20260327T174521Z,DSL,2116,Caltex Bedfordale,CAL,681 Albany Hwy,BEDFORDALE,6112,WA,-32.18201,116.07568,None,False,True,True,False,False,DSL,316.9,,
20260327T174521Z,DSL,1974,Caltex Glenfield,CAL,1182 Chapman Rd,GLENFIELD,6532,WA,-28.671423,114.622043,None,False,False,True,False,True,DSL,316.9,316.9,0.0
20260327T174521Z,DSL,111,BP Kewdale,BP,549 Abernethy Rd,KEWDALE,6105,WA,-31.981726,115.975223,None,False,False,True,False,False,DSL,316.9,316.9,0.0
20260327T174521Z,DSL,1314,BP Welshpool,BP,1 Ballantyne Rd,KEWDALE,6105,WA,-31.986384,115.936881,None,False,False,True,False,True,DSL,316.9,316.9,0.0
20260327T174521Z,DSL,1857,BP Malaga,BP,370 Victoria Rd,MALAGA,6090,WA,-31.862067,115.894445,None,False,False,True,False,True,DSL,316.9,316.9,0.0
20260327T174521Z,DSL,402,Dunning's Northam,SHL,38 Peel Tce,NORTHAM,6401,WA,-31.649776,116.677064,None,False,False,True,False,True,DSL,316.9,321.9,5.0
20260327T174521Z,DSL,2015,BP Port Hedland Boulevard,BP,150 Anderson St,PORT HEDLAND,6721,WA,-20.311955,118.607726,None,False,True,True,False,False,DSL,316.9,,
20260327T174521Z,DSL,1395,BP Kenwick,BP,48 Courtney Pl,WATTLE GROVE,6107,WA,-32.005588,115.980565,None,False,False,True,False,True,DSL,316.9,316.9,0.0
20260327T174521Z,DSL,1771,Ampol Wedgefield Diesel Stop,AMP,12-14 Cajarina Rd,WEDGEFIELD,6721,WA,-20.380839,118.591282,None,False,False,True,False,True,DSL,316.9,319.9,3.0
20260327T174521Z,DSL,1725,Ampol Kalgoorlie Diesel Stop,AMP,2 Cunningham Rd,WEST KALGOORLIE,6430,WA,-30.780942,121.433593,None,False,True,False,False,False,DSL,316.9,,
20260327T174521Z,DSL,1396,Vibe Coolgardie,VIB,1 Bayley St,COOLGARDIE,6429,WA,-30.954992,121.172477,None,False,True,True,False,False,DSL,317.7,,
20260327T174521Z,DSL,1844,Refuel Australia - Deepdale Meru,AMP,256 Deepdale Rd,MERU,6530,WA,-28.808992,114.689134,None,False,False,True,False,True,DSL,317.8,317.8,0.0
20260327T174521Z,DSL,1845,Refuel Australia - Geraldton Flores Road,AMP,120 Flores Rd,WEBBERTON,6530,WA,-28.75148,114.62853,None,False,False,False,False,True,DSL,317.8,317.8,0.0
20260327T174521Z,DSL,1846,Refuel Australia - Geraldton Willcock Drive,AMP,Cnr John Willcock Link & Portway,WEST END,6530,WA,-28.783057,114.593827,None,False,False,True,False,True,DSL,317.8,317.8,0.0
20260327T174521Z,DSL,2063,Vibe Bayswater,VIB,120 Beechboro Rd South,BAYSWATER,6053,WA,-31.9046833,115.9163268,None,False,False,True,False,True,DSL,317.9,319.7,1.8
20260327T174521Z,DSL,2259,Petro Fuels Bluff Point,PFL,381 Chapman Rd,BLUFF POINT,6530,WA,-28.74142,114.622456,None,False,True,True,False,False,DSL,317.9,,
20260327T174521Z,DSL,1717,Ampol Foodary Coolgardie,AMP,110-114 Bayley St,COOLGARDIE,6429,WA,-30.954263,121.159033,None,False,False,True,False,False,DSL,317.9,319.9,2.0
20260327T174521Z,DSL,1526,WA Fuel Kwinana Beach,WAF,44 Mandurah Rd,KWINANA BEACH,6167,WA,-32.242756,115.782316,None,False,False,False,False,True,DSL,317.9,322.9,5.0
20260327T174521Z,DSL,1756,Del Park Roadhouse,AMP,4267 South Western Hwy,NORTH DANDALUP,6207,WA,-32.522516,115.96993,None,False,True,True,False,False,DSL,317.9,,
20260327T174521Z,DSL,1848,WA Fuel South Guildford,WAF,2 Kalamunda Rd,SOUTH GUILDFORD,6055,WA,-31.913995,115.97207,None,False,False,False,False,True,DSL,317.9,322.9,5.0
20260327T174521Z,DSL,2325,IOR Albany,IOR,19 Pendeen Rd,WILLYUNG,6330,WA,-34.95682,117.88923,None,False,False,True,False,True,DSL,317.9,323.3,5.4
20260327T174521Z,DSL,2026,Geographe Petroleum Margaret River,LIB,12 Auger Way,MARGARET RIVER,6285,WA,-33.96608,115.071736,None,False,False,False,False,True,DSL,318.5,318.5,0.0
20260327T174521Z,DSL,1871,Boyanup Fuel,WAF,8B South Western Hwy,BOYANUP,6237,WA,-33.48419,115.728167,None,False,False,False,False,False,DSL,318.9,325.9,7.0
20260327T174521Z,DSL,2175,BP Shinju Broome,BP,101 Guy St,BROOME,6725,WA,-17.963667,122.223915,None,False,False,True,False,True,DSL,318.9,322.9,4.0
20260327T174521Z,DSL,1962,Colroy Country Kitchen,AMP,93 Capel Dr,CAPEL,6271,WA,-33.551653,115.563367,None,False,True,True,False,False,DSL,318.9,,
20260327T174521Z,DSL,1393,BP Broome Central Service Centre,BP,2 Coghlan St,DJUGUN,6725,WA,-17.955171,122.23711,None,False,False,True,False,True,DSL,318.9,322.9,4.0
20260327T174521Z,DSL,2057,GSG WA Pty Ltd,SHL,111 Morgans St,RAVENSTHORPE,6346,WA,-33.581023,120.05283,None,False,False,True,False,True,DSL,318.9,329.9,11.0
20260327T174521Z,DSL,1549,Shell Bullsbrook,SHL,2539 Great Northern Hwy,BULLSBROOK,6084,WA,-31.671536,116.031446,None,False,True,True,False,False,DSL,319.0,,
20260327T174521Z,DSL,1345,Dunning's Broome,SHL,7 Clementson St,BROOME,6725,WA,-17.971221,122.218093,None,False,True,True,False,False,DSL,319.5,,
20260327T174521Z,DSL,1858,Petro Fuels Cataby,AMP,10513 Brand Hwy,CATABY,6507,WA,-30.753218,115.558623,None,False,True,True,False,False,DSL,319.5,,
20260327T174521Z,DSL,2178,Dunning's Manjimup,DUN,5 Margerison St,MANJIMUP,6258,WA,-34.261143,116.148679,None,False,False,False,False,True,DSL,319.5,319.5,0.0
20260327T174521Z,DSL,800,Dunning's Thompsons Garage,SHL,127 Giblett St,MANJIMUP,6258,WA,-34.239259,116.147427,Full,False,False,True,False,True,DSL,319.5,326.5,7.0
20260327T174521Z,DSL,2166,Ampol Meckering Roadhouse,AMP,31 Dreyer St,MECKERING,6405,WA,-31.63242,117.006301,None,False,False,True,False,True,DSL,319.5,319.5,0.0
20260327T174521Z,DSL,2329,Dunning's Broome Depot,DUN,30 McDaniel Rd,MINYIRR,6725,WA,-17.988714,122.201627,None,False,False,False,False,True,DSL,319.5,319.5,0.0
20260327T174521Z,DSL,803,Northcliffe Farm and Trade,IND,6 Windy Harbour Rd,NORTHCLIFFE,6262,WA,-34.633945,116.12378,Conditional,False,True,True,False,False,DSL,319.6,,
20260327T174521Z,DSL,310,Gull Collie,GUL,143 Throssell St,COLLIE,6225,WA,-33.359487,116.150307,Full,False,True,True,False,False,DSL,319.7,,
20260327T174521Z,DSL,1540,Vibe Harvey,VIB,46 South Western Hwy,HARVEY,6220,WA,-33.082471,115.905481,None,False,True,True,False,False,DSL,319.7,,
20260327T174521Z,DSL,2065,Vibe Henderson,VIB,Lot 104 Russel Rd,HENDERSON,6166,WA,-32.146141,115.779092,None,False,False,True,False,True,DSL,319.7,319.7,0.0
20260327T174521Z,DSL,697,Gull Waterloo,GUL,14270 South Western Hwy,WATERLOO,6228,WA,-33.323631,115.770208,None,False,True,True,False,False,DSL,319.7,,
20260327T174521Z,DSL,2227,Shell Reddy Express Armadale,REX,269 South Western Hwy,ARMADALE,6112,WA,-32.168864,116.014864,None,False,True,True,False,False,DSL,319.9,,
20260327T174521Z,DSL,2226,Shell Reddy Express Brookdale,REX,1256 Armadale Rd,ARMADALE,6112,WA,-32.147485,115.985303,None,False,True,True,False,False,DSL,319.9,,
20260327T174521Z,DSL,2240,Shell Reddy Express Banksia Grove,REX,1001 Joondalup Dr,BANKSIA GROVE,6031,WA,-31.70653,115.802679,None,False,False,True,False,True,DSL,319.9,321.9,2.0
20260327T174521Z,DSL,2117,Shell Reddy Express Mandurah,REX,Cnr Pinjarra Rd & Watson Dr,BARRAGUP,6209,WA,-32.551075,115.778636,None,False,True,True,False,False,DSL,319.9,,
20260327T174521Z,DSL,2092,Metro Bassendean,MET,335 Collier Rd,BASSENDEAN,6054,WA,-31.905283,115.932367,None,False,True,True,False,False,DSL,319.9,,
20260327T174521Z,DSL,2208,Shell Reddy Express Bayswater,REX,34 Jackson St,BAYSWATER,6053,WA,-31.906734,115.92665,None,False,False,True,False,True,DSL,319.9,321.9,2.0
20260327T174521Z,DSL,2275,Shell Reddy Express Beeliar,REX,8 Durnin Ave,BEELIAR,6164,WA,-32.128112,115.798736,None,False,True,True,False,False,DSL,319.9,,
20260327T174521Z,DSL,2254,Shell Reddy Express Bentley,REX,1128 Albany Hwy,BENTLEY,6102,WA,-32.000633,115.918698,None,False,False,True,False,True,DSL,319.9,321.9,2.0
20260327T174521Z,DSL,2251,Shell Reddy Express Casuarina,REX,1 Johnson Rd,BERTRAM,6167,WA,-32.232326,115.848215,None,False,False,True,False,True,DSL,319.9,321.9,2.0
20260327T174521Z,DSL,2215,Shell Reddy Express Bibra Lake,REX,1 Timberyard Way,BIBRA LAKE,6163,WA,-32.116954,115.807471,None,False,False,True,False,True,DSL,319.9,321.9,2.0
20260327T174521Z,DSL,2185,Shell Reddy Express Bicton,REX,394 Canning Hwy,BICTON,6157,WA,-32.03413,115.792776,None,False,True,True,False,False,DSL,319.9,,
20260327T174521Z,DSL,2184,Shell Reddy Express Brentwood,REX,71 Cranford Ave,BRENTWOOD,6153,WA,-32.041448,115.848868,None,False,True,True,False,False,DSL,319.9,,
20260327T174521Z,DSL,2250,Shell Reddy Express Bull Creek,REX,44 Benningfield Rd,BULL CREEK,6149,WA,-32.063327,115.857827,None,False,True,True,False,False,DSL,319.9,,
20260327T174521Z,DSL,2242,OTR Bunbury,SHL,92 Blair St,BUNBURY,6230,WA,-33.33,115.641575,None,False,False,True,False,True,DSL,319.9,321.9,2.0
20260327T174521Z,DSL,2124,Shell Reddy Express Busselton,REX,88 Causeway Rd,BUSSELTON,6280,WA,-33.660891,115.355661,None,False,True,True,False,False,DSL,319.9,,
20260327T174521Z,DSL,2210,Shell Reddy Express Brighton,REX,61 Butler Bvd,BUTLER,6036,WA,-31.638264,115.69551,None,False,True,True,False,False,DSL,319.9,,
20260327T174521Z,DSL,2199,Metro Canning Vale,MET,Lot 322 Ranford Rd,CANNING VALE,6155,WA,-32.092476,115.923934,None,False,False,True,False,True,DSL,319.9,319.9,0.0
20260327T174521Z,DSL,2216,Shell Reddy Express Canning Vale,REX,280 Bannister Rd,CANNING VALE,6155,WA,-32.070349,115.895596,None,False,False,True,False,True,DSL,319.9,321.9,2.0
20260327T174521Z,DSL,2105,Shell Reddy Express Claremont,REX,269 Stirling Hwy,CLAREMONT,6010,WA,-31.982195,115.78389,None,False,False,True,False,True,DSL,319.9,321.9,2.0
20260327T174521Z,DSL,2224,Shell Reddy Express Clarkson,REX,36 Ocean Keys Bvd,CLARKSON,6030,WA,-31.691894,115.716118,None,False,False,True,False,True,DSL,319.9,321.9,2.0
20260327T174521Z,DSL,2145,Shell Reddy Express Cloverdale,REX,223 Belmont Ave,CLOVERDALE,6105,WA,-31.965057,115.933164,None,False,True,True,False,False,DSL,319.9,,
20260327T174521Z,DSL,2151,Shell Reddy Express Collie,REX,57 Johnston St,COLLIE,6225,WA,-33.357345,116.151939,None,False,True,True,False,False,DSL,319.9,,
20260327T174521Z,DSL,2213,OTR Como,SHL,73 Manning Rd,COMO,6152,WA,-32.012091,115.864427,None,False,False,True,False,True,DSL,319.9,321.9,2.0
20260327T174521Z,DSL,752,BP Cunderdin Roadhouse,BP,Lot 6 Great Eastern Hwy,CUNDERDIN,6407,WA,-31.652038,117.232004,Conditional,False,False,True,False,False,DSL,319.9,319.9,0.0
20260327T174521Z,DSL,2348,OMG Metro Dianella,OMM,63 Walter Rd West,DIANELLA,6059,WA,-31.906435,115.881917,None,False,False,True,False,True,DSL,319.9,319.9,0.0
20260327T174521Z,DSL,2209,Shell Reddy Express Dianella,REX,67 Walter Rd West,DIANELLA,6059,WA,-31.905801,115.8827,None,False,True,True,False,False,DSL,319.9,,
20260327T174521Z,DSL,2135,Shell Reddy Express Duncraig,REX,193 Warwick Rd,DUNCRAIG,6023,WA,-31.835583,115.782828,None,False,True,True,False,False,DSL,319.9,,
20260327T174521Z,DSL,2256,Shell Reddy Express Dunsborough,REX,64 Dunn Bay Rd,DUNSBOROUGH,6281,WA,-33.616785,115.102669,None,False,True,True,False,False,DSL,319.9,,
20260327T174521Z,DSL,2109,Shell Reddy Express Victoria Park,REX,66 Kent St,EAST VICTORIA PARK,6101,WA,-31.985535,115.896186,None,False,True,True,False,False,DSL,319.9,,
20260327T174521Z,DSL,2204,Shell Reddy Express Edgewater,REX,57 Joondalup Dr,EDGEWATER,6027,WA,-31.769548,115.778804,None,False,False,True,False,False,DSL,319.9,321.9,2.0
20260327T174521Z,DSL,2203,Shell Reddy Express Ellenbrook,REX,3 Goodwood Cres,ELLENBROOK,6069,WA,-31.775,115.96,None,False,False,True,False,True,DSL,319.9,321.9,2.0
20260327T174521Z,DSL,2149,Shell Reddy Express Forrestfield,REX,2 Strelitzia Ave,FORRESTFIELD,6058,WA,-31.988699,116.010746,None,False,True,True,False,False,DSL,319.9,,
20260327T174521Z,DSL,2152,Shell Reddy Express Fremantle,REX,101 Hampton Rd,FREMANTLE,6160,WA,-32.063235,115.756663,None,False,False,True,False,True,DSL,319.9,321.9,2.0
20260327T174521Z,DSL,2137,Shell Reddy Express Girrawheen,REX,60 Marangaroo Dr,GIRRAWHEEN,6064,WA,-31.834601,115.828903,None,False,True,True,False,False,DSL,319.9,,
20260327T174521Z,DSL,2121,Shell Reddy Express Bunbury Gateway,REX,9805 Forrest Hwy,GLEN IRIS,6230,WA,-33.334737,115.685315,None,False,False,True,False,True,DSL,319.9,321.9,2.0
20260327T174521Z,DSL,2118,Shell Reddy Express Halls Head,REX,14 Guava Way,HALLS HEAD,6210,WA,-32.550115,115.70273,None,False,True,True,False,False,DSL,319.9,,
20260327T174521Z,DSL,2103,Shell Reddy Express Jolimont,REX,6 Jersey St,JOLIMONT,6014,WA,-31.947273,115.811941,None,False,True,True,False,False,DSL,319.9,,
20260327T174521Z,DSL,2233,Shell Reddy Express Karawara,REX,222 Manning Rd,KARAWARA,6152,WA,-32.011927,115.884145,None,False,True,True,False,False,DSL,319.9,,
20260327T174521Z,DSL,1204,BP Karratha Depot (Recharge Petroleum),BP,1033 Mardie Rd,KARRATHA INDUSTRIAL ESTATE,6714,WA,-20.775653,116.860746,None,False,False,False,False,True,DSL,319.9,319.9,0.0
20260327T174521Z,DSL,2113,Shell Reddy Express Kewdale,REX,518 Abernethy Rd,KEWDALE,6105,WA,-31.980262,115.958507,None,False,False,True,False,True,DSL,319.9,321.9,2.0
20260327T174521Z,DSL,2101,Shell Reddy Express Kingsley,REX,47 Renegade Way,KINGSLEY,6026,WA,-31.81975,115.805778,None,False,True,True,False,False,DSL,319.9,,
20260327T174521Z,DSL,2143,Hillview Roadhouse and Motel,SHL,47 Albany Hwy,KOJONUP,6395,WA,-33.827367,117.159294,None,False,True,True,False,False,DSL,319.9,,
20260327T174521Z,DSL,2247,Shell Reddy Express Kwinana Beach,REX,4 Beach St,KWINANA BEACH,6167,WA,-32.243693,115.776587,None,False,True,True,False,False,DSL,319.9,,
20260327T174521Z,DSL,2115,Shell Reddy Express Lakelands,REX,49 Banksiadale Gte,LAKELANDS,6180,WA,-32.46906,115.759677,None,False,False,True,False,True,DSL,319.9,321.9,2.0
20260327T174521Z,DSL,2132,Caltex Langford,CAL,230-234 Nicholson Rd,LANGFORD,6147,WA,-32.04723,115.932375,Conditional,False,False,True,False,True,DSL,319.9,321.9,2.0
20260327T174521Z,DSL,2110,Shell Reddy Express Langford,REX,70 Nicholson Rd,LANGFORD,6147,WA,-32.031879,115.938841,None,False,True,True,False,False,DSL,319.9,,
20260327T174521Z,DSL,2239,Shell Reddy Express Leeming,REX,51 Farrington St,LEEMING,6149,WA,-32.079015,115.858415,None,False,True,True,False,False,DSL,319.9,,
20260327T174521Z,DSL,2146,Shell Reddy Express Maddington,REX,117 Burslem Dr,MADDINGTON,6109,WA,-32.055352,115.979908,None,False,True,True,False,False,DSL,319.9,,
20260327T174521Z,DSL,2037,Metro Geraldton,MET,1 Fortyn Ct,MAHOMETS FLATS,6530,WA,-28.792328,114.616974,None,False,True,True,False,False,DSL,319.9,,
20260327T174521Z,DSL,2276,Shell Reddy Express Tarcoola,REX,2 Fortyn Ct,MAHOMETS FLATS,6530,WA,-28.791355,114.616223,None,False,True,True,False,False,DSL,319.9,,
20260327T174521Z,DSL,2141,Shell Reddy Express Malaga,REX,492 Alexander Dr,MALAGA,6090,WA,-31.863512,115.879279,None,False,True,True,False,False,DSL,319.9,,
20260327T174521Z,DSL,2028,WA Fuel Manjimup,WAF,54 Wetherell St,MANJIMUP,6258,WA,-34.261006,116.14968,None,False,False,False,False,True,DSL,319.9,325.9,6.0
20260327T174521Z,DSL,2257,Shell Reddy Express Margaret River,REX,77 Bussell Hwy,MARGARET RIVER,6285,WA,-33.946859,115.074659,None,False,True,True,False,False,DSL,319.9,,
20260327T174521Z,DSL,2142,Shell Reddy Express Middle Swan,REX,Lot 46 Great Northern Hwy,MIDDLE SWAN,6056,WA,-31.874449,116.011086,None,False,True,True,False,False,DSL,319.9,,
20260327T174521Z,DSL,2290,Metro Midvale,MET,83 Farrall Rd,MIDVALE,6056,WA,-31.885552,116.032753,None,False,False,True,False,True,DSL,319.9,319.9,0.0
20260327T174521Z,DSL,2238,Shell Reddy Express Mosman Park,REX,582 Stirling Hwy,MOSMAN PARK,6012,WA,-32.005184,115.759304,None,False,False,True,False,True,DSL,319.9,321.9,2.0
20260327T174521Z,DSL,2211,Shell Reddy Express Mount Pleasant,REX,1 The Esplanade,MOUNT PLEASANT,6153,WA,-32.012511,115.850077,None,False,True,True,False,False,DSL,319.9,,
20260327T174521Z,DSL,2248,Shell Reddy Express Myaree,REX,69 North Lake Rd,MYAREE,6154,WA,-32.039649,115.815283,None,False,True,True,False,False,DSL,319.9,,
20260327T174521Z,DSL,2223,Shell Reddy Express Mount Lawley,REX,253 Walcott St,NORTH PERTH,6006,WA,-31.923821,115.859281,None,False,False,True,False,True,DSL,319.9,321.9,2.0
20260327T174521Z,DSL,2187,Shell Reddy Express Northam,REX,10 Beamish Ave,NORTHAM,6401,WA,-31.657795,116.669547,None,False,True,True,False,False,DSL,319.9,,
20260327T174521Z,DSL,2195,Shell Reddy Express Ocean Reef,REX,6 Marina Bvd,OCEAN REEF,6027,WA,-31.76744,115.749421,None,False,True,True,False,False,DSL,319.9,,
20260327T174521Z,DSL,2131,Shell Reddy Express Albany Orana,REX,342 Albany Hwy,ORANA,6330,WA,-35.002367,117.865131,None,False,True,True,False,False,DSL,319.9,,
20260327T174521Z,DSL,2230,Shell Reddy Express Osborne Park,REX,11 Roberts St West,OSBORNE PARK,6017,WA,-31.907535,115.819092,None,False,False,True,False,True,DSL,319.9,321.9,2.0
20260327T174521Z,DSL,2108,Shell Reddy Express Palmyra,REX,80 Carrington St,PALMYRA,6157,WA,-32.047319,115.779904,None,False,True,True,False,False,DSL,319.9,,
20260327T174521Z,DSL,2181,Shell Reddy Express Perth,REX,480 William St,PERTH,6000,WA,-31.940953,115.863904,None,False,True,True,False,False,DSL,319.9,,
20260327T174521Z,DSL,2128,Caltex South Hedland,CAL,1 Altitude Ave,PORT HEDLAND,6721,WA,-20.371697,118.611974,None,False,False,True,False,True,DSL,319.9,319.9,0.0
20260327T174521Z,DSL,2292,BP Ravensthorpe,BP,47 Morgans St,RAVENSTHORPE,6346,WA,-33.581601,120.044806,None,False,True,True,False,False,DSL,319.9,,
20260327T174521Z,DSL,2100,Shell Reddy Express Scarborough,REX,205 West Coast Hwy,SCARBOROUGH,6019,WA,-31.892841,115.757287,None,False,False,True,False,True,DSL,319.9,321.9,2.0
20260327T174521Z,DSL,2245,Shell Reddy Express Westfield,REX,88 Champion Dr,SEVILLE GROVE,6112,WA,-32.130396,116.000966,None,False,True,True,False,False,DSL,319.9,,
20260327T174521Z,DSL,2241,Shell Reddy Express South Perth,REX,3 Canning Hwy,SOUTH PERTH,6151,WA,-31.974773,115.881635,None,False,False,True,False,True,DSL,319.9,321.9,2.0
20260327T174521Z,DSL,2231,Shell Reddy Express Southern River,REX,216 Lakey St,SOUTHERN RIVER,6110,WA,-32.103521,115.934721,None,False,False,True,False,False,DSL,319.9,321.9,2.0
20260327T174521Z,DSL,2270,Astron Swanbourne,AST,2 Servetus St,SWANBOURNE,6010,WA,-31.983608,115.767278,Conditional,False,True,True,False,False,DSL,319.9,,
20260327T174521Z,DSL,2102,Shell Reddy Express Upper Swan Roadhouse,REX,1333 Great Northern Hwy,UPPER SWAN,6069,WA,-31.774597,116.025849,None,False,False,True,False,True,DSL,319.9,321.9,2.0
20260327T174521Z,DSL,2126,Shell Reddy Express Vasse,REX,2 Napoleon Prom,VASSE,6280,WA,-33.675175,115.251206,None,False,True,True,False,False,DSL,319.9,,
20260327T174521Z,DSL,2154,Shell Reddy Express Bunbury Outbound,REX,9850 Forrest Hwy,VITTORIA,6230,WA,-33.334477,115.682266,None,False,False,True,False,True,DSL,319.9,321.9,2.0
20260327T174521Z,DSL,2249,Shell Reddy Express Waikiki,REX,1-9 Gnangara Dr,WAIKIKI,6169,WA,-32.315121,115.753183,None,False,False,True,False,True,DSL,319.9,321.9,2.0
20260327T174521Z,DSL,2289,Metro Wangara,MET,79 Gnangara Rd,WANGARA,6065,WA,-31.801903,115.827519,None,False,False,True,False,True,DSL,319.9,319.9,0.0
20260327T174521Z,DSL,2194,Shell Reddy Express Wangara,REX,1 Niche Pde,WANGARA,6065,WA,-31.791963,115.852478,None,False,False,True,False,True,DSL,319.9,321.9,2.0
20260327T174521Z,DSL,2228,Metro Wanneroo,MET,994 Wanneroo Rd,WANNEROO,6065,WA,-31.748986,115.801954,None,False,False,True,False,True,DSL,319.9,319.9,0.0
20260327T174521Z,DSL,2277,Shell Reddy Express Wanneroo Pearsall,REX,621 Wanneroo Rd,WANNEROO,6065,WA,-31.780031,115.808184,None,False,False,True,False,True,DSL,319.9,321.9,2.0
20260327T174521Z,DSL,2339,Waroona Roadhouse,CAL,32 South Western Hwy,WAROONA,6215,WA,-32.839973,115.920518,None,False,True,True,False,False,DSL,319.9,,
20260327T174521Z,DSL,2133,Shell Reddy Express Warwick,REX,274 Erindale Rd,WARWICK,6024,WA,-31.844434,115.812742,None,False,False,True,False,True,DSL,319.9,321.9,2.0
20260327T174521Z,DSL,1304,BP Wedgefield OPT,BP,1 Hematite Dr,WEDGEFIELD,6721,WA,-20.375323,118.596136,None,False,False,False,False,True,DSL,319.9,319.9,0.0
20260327T174521Z,DSL,2144,Shell Reddy Express Wembley,REX,337 Cambridge St,WEMBLEY,6014,WA,-31.941023,115.811858,None,False,True,True,False,False,DSL,319.9,,
20260327T174521Z,DSL,1320,Eagle West Kalgoorlie Truckstop,EA,2 Brinsden Rd,WEST KALGOORLIE,6430,WA,-30.777107,121.431253,None,False,False,False,False,True,DSL,319.9,319.9,0.0
20260327T174521Z,DSL,2107,Shell Reddy Express West Perth,REX,30 Thomas St,WEST PERTH,6005,WA,-31.945494,115.839719,None,False,False,True,False,True,DSL,319.9,321.9,2.0
20260327T174521Z,DSL,2148,Shell Reddy Express Willetton,REX,239-247 High Rd,WILLETTON,6155,WA,-32.039109,115.893756,None,False,True,True,False,False,DSL,319.9,,
20260327T174521Z,DSL,2278,Shell Reddy Express Wonthella,REX,115 North West Coastal Hwy,WONTHELLA,6530,WA,-28.76928,114.624398,None,False,True,True,False,False,DSL,319.9,,
20260327T174521Z,DSL,2323,OMG Metro Yangebup,OMM,109 Barrington St,YANGEBUP,6164,WA,-32.116891,115.795446,None,False,False,True,False,False,DSL,319.9,319.9,0.0
20260327T174521Z,DSL,1838,Ampol Karratha Diesel Stop,AMP,1540 Anderson Rd,KARRATHA INDUSTRIAL ESTATE,6714,WA,-20.775089,116.868642,None,False,False,False,False,True,DSL,320.9,320.9,0.0
20260327T174521Z,DSL,810,Meekatharra Caravan Park,IND,119 Main St,MEEKATHARRA,6642,WA,-26.596261,118.493318,None,False,True,True,False,False,DSL,320.9,,
20260327T174521Z,DSL,811,Meekatharra Corner Store,BP,16 Main St,MEEKATHARRA,6642,WA,-26.591283,118.496475,Conditional,False,False,True,False,False,DSL,320.9,320.9,0.0
20260327T174521Z,DSL,2272,Northcliffe Newsagent & General Store,IND,55 Zamia St,NORTHCLIFFE,6262,WA,-34.632763,116.123242,Conditional,False,False,True,False,False,DSL,320.9,320.9,0.0
20260327T174521Z,DSL,989,Phoenix Barlee St,IND,31 Barlee St,BUSSELTON,6280,WA,-33.660561,115.345856,None,False,False,False,False,True,DSL,321.0,321.0,0.0
20260327T174521Z,DSL,2331,Dardanup Garage & Service Station,IND,11 Charlotte St,DARDANUP,6236,WA,-33.399501,115.754498,None,False,False,False,False,True,DSL,321.0,321.0,0.0
20260327T174521Z,DSL,2138,Caltex Kelmscott,CAL,2907 Albany Hwy,KELMSCOTT,6111,WA,-32.118708,116.016589,Conditional,False,False,True,False,True,DSL,321.9,321.9,0.0
20260327T174521Z,DSL,1280,BP Newman South,BP,101 Great Northern Hwy,NEWMAN,6753,WA,-23.453756,119.797495,None,False,False,True,False,True,DSL,321.9,321.9,0.0
20260327T174521Z,DSL,1828,Ampol Foodary Norseman,AMP,1 Princep St,NORSEMAN,6443,WA,-32.189702,121.778466,None,False,False,True,False,True,DSL,321.9,321.9,0.0
20260327T174521Z,DSL,1822,Walpole IGA Pioneer Store,AMP,10 Nockolds St,WALPOLE,6398,WA,-34.976498,116.730471,Conditional,False,False,True,False,True,DSL,322.0,322.0,0.0
20260327T174521Z,DSL,2177,Dunning's KCD Fuels,DUN,520 Robinson St,KINGSFORD,6701,WA,-24.865224,113.694049,Full,False,False,True,False,True,DSL,322.5,326.5,4.0
20260327T174521Z,DSL,1376,Maisey Fuels Rudds Gully,MSF,512 Rudds Gully Rd,NARNGULU,6532,WA,-28.823606,114.690221,None,False,False,False,False,True,DSL,322.8,322.8,0.0
20260327T174521Z,DSL,1911,Maisey Fuels Flores Road,MSF,83 Flores Rd,WEBBERTON,6530,WA,-28.756027,114.630711,None,False,False,False,False,True,DSL,322.8,322.8,0.0
20260327T174521Z,DSL,2295,Astron Boulder Kalgoorlie,AST,26 Davis St,BOULDER,6432,WA,-30.778416,121.488963,None,False,False,True,False,False,DSL,322.9,327.9,5.0
20260327T174521Z,DSL,1278,BP Carnarvon,BP,1134 North West Coastal Hwy,BROWN RANGE,6701,WA,-24.862096,113.712947,None,False,False,True,False,True,DSL,322.9,322.9,0.0
20260327T174521Z,DSL,1824,Ampol Collie,AMP,124 Throssell St,COLLIE,6225,WA,-33.359719,116.152771,None,False,True,True,False,False,DSL,322.9,,
20260327T174521Z,DSL,1353,Dunning's Carnarvon,SHL,125 Robinson St,MORGANTOWN,6701,WA,-24.877871,113.660789,None,False,True,True,False,False,DSL,322.9,,
20260327T174521Z,DSL,1795,BP Walpole,BP,18 Nockolds St,WALPOLE,6398,WA,-34.976376,116.731257,None,False,True,True,False,False,DSL,322.9,,
20260327T174521Z,DSL,2264,Petro Fuels Munglinup,PFL,16 Tubada St,MUNGLINUP,6450,WA,-33.704968,120.860755,None,False,True,True,False,False,DSL,324.5,,
20260327T174521Z,DSL,2262,Dwellingup BP,BP,48 McLarty St,DWELLINGUP,6213,WA,-32.714003,116.062545,None,False,True,True,False,False,DSL,324.7,,
20260327T174521Z,DSL,2039,Greenbushes Roadhouse,PHX,28 Blackwood Rd,GREENBUSHES,6254,WA,-33.848451,116.059037,None,False,False,True,False,False,DSL,324.7,324.7,0.0
20260327T174521Z,DSL,2345,Ampol Binningup,AMP,21 Coronation Dr,BINNINGUP,6233,WA,-33.149621,115.688353,None,False,True,True,False,False,DSL,324.9,,
20260327T174521Z,DSL,2188,Shell Reddy Express Boulder,REX,35 Frank St,BOULDER,6432,WA,-30.767542,121.484457,None,False,True,True,False,False,DSL,324.9,,
20260327T174521Z,DSL,2173,Shell Reddy Express Dampier,REX,47 Church Rd,DAMPIER,6713,WA,-20.665198,116.706964,None,False,True,True,False,False,DSL,324.9,,
20260327T174521Z,DSL,2190,Shell Reddy Express Esperance,REX,25 Andrew St,ESPERANCE,6450,WA,-33.861134,121.890607,None,False,True,True,False,False,DSL,324.9,,
20260327T174521Z,DSL,1850,Ampol Fitzroy Crossing Diesel Stop,AMP,53 Emanuel Way,FITZROY CROSSING,6765,WA,-18.198737,125.56923,None,False,False,False,False,True,DSL,324.9,329.9,5.0
20260327T174521Z,DSL,2089,BP Fitzroy Crossing,BP,Lot 315 Great Northern Hwy,FITZROY CROSSING,6765,WA,-18.196698,125.565139,None,False,True,True,False,False,DSL,324.9,,
20260327T174521Z,DSL,2330,Shell Gidgegannup,SHL,2095 Toodyay Rd,GIDGEGANNUP,6083,WA,-31.793258,116.194092,None,False,True,True,False,False,DSL,324.9,,
20260327T174521Z,DSL,2326,IOR Kununurra,IOR,Lots 4-5 Stockman Rd,KUNUNURRA,6743,WA,-15.79724,128.76408,None,False,False,True,False,True,DSL,324.9,330.3,5.4
20260327T174521Z,DSL,2167,Shell Reddy Express Kununurra Roadhouse,REX,17 Poinciana St,KUNUNURRA,6743,WA,-15.780723,128.731886,None,False,True,True,False,False,DSL,324.9,,
20260327T174521Z,DSL,2153,Shell Reddy Express Meekatharra Roadhouse,REX,Lot 821 Main St,MEEKATHARRA,6642,WA,-26.598382,118.491349,None,False,True,True,False,False,DSL,324.9,,
20260327T174521Z,DSL,1760,Ampol Newman Diesel Stop,AMP,131 Welsh Dr,NEWMAN,6753,WA,-23.369118,119.729047,None,False,False,False,False,True,DSL,324.9,324.9,0.0
20260327T174521Z,DSL,2156,Shell Reddy Express Port Hedland,REX,Lot 2065 Wilson St,PORT HEDLAND,6721,WA,-20.311786,118.606193,None,False,True,True,False,False,DSL,324.9,,
20260327T174521Z,DSL,1835,OTR Roleystone,CAL,770 Brookton Hwy,ROLEYSTONE,6111,WA,-32.115893,116.083267,None,False,False,True,False,True,DSL,324.9,327.9,3.0
20260327T174521Z,DSL,2170,Shell Reddy Express Karratha Travel & Truck,REX,6 Madigan Rd,STOVE HILL,6714,WA,-20.794671,116.777474,None,False,True,True,False,False,DSL,324.9,,
20260327T174521Z,DSL,2160,Shell Reddy Express South Hedland Roadhouse,REX,Lot 5553 Great Northern Hwy,WEDGEFIELD,6721,WA,-20.373797,118.607282,None,False,True,True,False,False,DSL,324.9,,
20260327T174521Z,DSL,2349,Manypeaks Store,BP,43738 South Coast Hwy,MANYPEAKS,6328,WA,-34.838415,118.171978,None,False,True,True,False,False,DSL,325.0,,
20260327T174521Z,DSL,2282,Youngs Siding General Store,BP,19 Station St,YOUNGS SIDING,6330,WA,-35.013199,117.522851,None,False,True,True,False,False,DSL,325.5,,
20260327T174521Z,DSL,1843,Refuel Australia - Dalwallinu,AMP,2 Clinch Rd,DALWALLINU,6609,WA,-30.273695,116.664962,None,False,False,False,False,True,DSL,325.8,325.8,0.0
20260327T174521Z,DSL,784,Exmouth Fuel Supplies,IND,2 Huston St,EXMOUTH,6707,WA,-21.93701,114.126243,Full,False,True,True,False,False,DSL,325.8,,
20260327T174521Z,DSL,1847,Refuel Australia - Port Hedland,AMP,Lot 3 Great Northern Hwy,PORT HEDLAND,6721,WA,-20.375923,118.634024,None,False,False,True,False,True,DSL,325.8,325.8,0.0
20260327T174521Z,DSL,1344,BP Derby Depot (Recharge Petroleum),BP,19 Rodgers St,DERBY,6728,WA,-17.32707,123.65181,None,False,False,False,False,True,DSL,325.9,329.9,4.0
20260327T174521Z,DSL,1769,WA Fuel Karratha,WAF,1031 Mardie Rd,KARRATHA INDUSTRIAL ESTATE,6714,WA,-20.776485,116.861546,None,False,False,False,False,True,DSL,325.9,325.9,0.0
20260327T174521Z,DSL,984,Bakers Food and Fuel,LIB,46458 South Coast Hwy,KING RIVER,6330,WA,-34.928763,117.915201,Conditional,False,True,True,False,False,DSL,326.0,,
20260327T174521Z,DSL,838,Dunning's Newman,SHL,21 Willis St,NEWMAN,6753,WA,-23.37047,119.732524,None,False,False,True,False,True,DSL,326.5,333.5,7.0
20260327T174521Z,DSL,1869,Refuel Carnarvon Truck Stop,AMP,1014 North West Coastal Hwy,BROWN RANGE,6701,WA,-24.862809,113.701954,None,False,False,False,False,True,DSL,326.8,326.8,0.0
20260327T174521Z,DSL,1841,Refuel Australia - Carnarvon,AMP,40 Harbour Rd,GREYS PLAIN,6701,WA,-24.88287,113.701352,None,False,False,False,False,True,DSL,326.8,326.8,0.0
20260327T174521Z,DSL,1411,BP Derby,BP,138 Loch St,DERBY,6728,WA,-17.309469,123.647107,None,False,False,True,False,False,DSL,328.9,332.9,4.0
20260327T174521Z,DSL,2271,Derby Fuels,SHL,46 Clarendon St,DERBY,6728,WA,-17.30519,123.629583,None,False,False,True,False,True,DSL,329.5,329.5,0.0
20260327T174521Z,DSL,2055,BP Wubin,BP,80-82 Great Northern Hwy,WUBIN,6612,WA,-30.107682,116.632863,None,False,True,True,False,False,DSL,329.5,,
20260327T174521Z,DSL,2212,Bodallin Roadhouse,PER,57 Corboy St,BODALLIN,6424,WA,-31.370295,118.856169,None,False,False,False,False,True,DSL,329.9,325.9,-4.0
20260327T174521Z,DSL,2161,Shell Reddy Express Broome,REX,19 Napier Tce,BROOME,6725,WA,-17.955401,122.241773,None,False,True,True,False,False,DSL,329.9,,
20260327T174521Z,DSL,1963,GD's Brunswick Roadhouse,AMP,94 Ommaney Rd,BRUNSWICK,6224,WA,-33.259623,115.836934,Conditional,False,True,True,False,False,DSL,329.9,,
20260327T174521Z,DSL,2313,Perrys Esperance,PER,15 Hill St,CHADWICK,6450,WA,-33.835269,121.891729,None,False,False,False,False,True,DSL,329.9,325.9,-4.0
20260327T174521Z,DSL,610,Cheynes Beach Caravan Park,IND,12 Bald Island Rd,CHEYNES,6328,WA,-34.884107,118.405897,Conditional,False,False,True,False,False,DSL,329.9,329.9,0.0
20260327T174521Z,DSL,1740,One Stop Roadhouse Donnybrook,IND,51 South Western Hwy,DONNYBROOK,6239,WA,-33.57927,115.828529,None,False,False,True,False,False,DSL,329.9,329.9,0.0
20260327T174521Z,DSL,2163,Shell Reddy Express Fitzroy Crossing Roadhouse,REX,87 Great Northern Hwy,FITZROY CROSSING,6765,WA,-18.197983,125.568129,None,False,True,True,False,False,DSL,329.9,,
20260327T174521Z,DSL,2311,FDWA Carnarvon OPT,IND,59 Hudson St,GREYS PLAIN,6701,WA,-24.881594,113.698127,None,False,False,False,False,True,DSL,329.9,329.9,0.0
20260327T174521Z,DSL,2269,Hi-Way Sales & Service 1982,WAF,154 Albany Hwy,KOJONUP,6395,WA,-33.840607,117.161336,Conditional,False,False,True,False,False,DSL,329.9,339.9,10.0
20260327T174521Z,DSL,2346,OMG Metro Maddington,OMM,134 Westfield St,MADDINGTON,6109,WA,-32.053507,116.000806,None,False,False,True,False,False,DSL,329.9,329.9,0.0
20260327T174521Z,DSL,2347,OMG Metro Ocean Reef,OMM,82 Marina Bvd,OCEAN REEF,6027,WA,-31.765279,115.741009,None,False,True,True,False,False,DSL,329.9,,
20260327T174521Z,DSL,616,53 Mile Roadhouse,UTD,31 South Western Hwy,PINJARRA,6208,WA,-32.625304,115.881434,None,False,False,True,False,False,DSL,329.9,329.9,0.0
20260327T174521Z,DSL,1780,Elleker General Store,PUM,1309 Lower Denmark Rd,ELLEKER,6330,WA,-35.008551,117.724325,None,False,True,True,False,False,DSL,330.8,,
20260327T174521Z,DSL,1842,Refuel Australia - DMW Supplies,AMP,39 Moreton Tce,DONGARA,6525,WA,-29.251118,114.935197,None,False,False,True,False,True,DSL,331.8,331.8,0.0
20260327T174521Z,DSL,1319,FDWA Cunderdin,IND,67 Lundy Ave,CUNDERDIN,6407,WA,-31.6497,117.241671,None,False,False,False,False,True,DSL,332.0,332.0,0.0
20260327T174521Z,DSL,778,BP Norseman,BP,Lot 2 Eyre Hwy,NORSEMAN,6443,WA,-32.185561,121.779196,None,False,False,True,False,True,DSL,335.1,335.1,0.0
20260327T174521Z,DSL,1746,Refuel Australia - Meekatharra,AMP,81 Oliver St,MEEKATHARRA,6642,WA,-26.5948182,118.4994851,None,False,False,False,False,True,DSL,335.8,335.8,0.0
20260327T174521Z,DSL,1414,Smart Mart Newman,SHL,Lot 1 Newman Dr,NEWMAN,6753,WA,-23.350712,119.741127,None,False,True,True,False,False,DSL,335.9,,
20260327T174521Z,DSL,1968,Moonyoonooka Store,AMP,753 Geraldton-Mt Magnet Rd,MOONYOONOOKA,6532,WA,-28.782191,114.72233,Full,False,True,True,False,False,DSL,337.0,,
20260327T174521Z,DSL,771,Balingup Liquor & General Store,IND,12 Bridgetown Rd,BALINGUP,6253,WA,-33.783927,115.98395,None,False,False,True,False,False,DSL,,,
20260327T174521Z,DSL,1176,Harbour Rd Truckstop,BP,213 Harbour Rd,CHADWICK,6450,WA,-33.832171,121.894287,None,False,False,False,False,True,DSL,,,
20260327T174521Z,DSL,2309,WFG Shell Esperance OPT,SHL,209 Harbour Rd (entrance via Fairfield St),CHADWICK,6450,WA,-33.83235,121.8937,None,False,False,False,False,True,DSL,,,
20260327T174521Z,DSL,2082,Ampol Foodary Exmouth,AMP,77 Maidstone Cr,EXMOUTH,6707,WA,-21.93262,114.127723,None,False,True,True,False,False,DSL,,,
20260327T174521Z,DSL,1366,Ampol Foodary Gelorup,AMP,39 Bussell Hwy,GELORUP,6230,WA,-33.393066,115.641528,None,False,False,True,False,True,DSL,,,
20260327T174521Z,DSL,1076,Geographe IGA,LIB,328 Marine Tce,GEOGRAPHE,6280,WA,-33.637987,115.37639,Conditional,False,True,True,False,False,DSL,,,
20260327T174521Z,DSL,1627,Ampol Foodary Gosnells North,AMP,2100 Albany Hwy,GOSNELLS,6110,WA,-32.064148,115.999536,None,False,False,True,False,True,DSL,,,
20260327T174521Z,DSL,1327,Hills Emporio,IND,1615 Canning Rd,KARRAGULLEN,6111,WA,-32.086273,116.115545,None,False,True,True,False,False,DSL,,,
20260327T174521Z,DSL,2171,Shell Reddy Express Karratha,REX,13 Searipple Rd,KARRATHA,6714,WA,-20.735525,116.849126,None,False,False,True,False,True,DSL,,,
20260327T174521Z,DSL,1744,Ampol Foodary Kewdale,AMP,2 Fenton St,KEWDALE,6105,WA,-31.98365,115.955901,None,False,False,True,False,True,DSL,,,
20260327T174521Z,DSL,1809,Ampol Foodary Carnarvon,AMP,595 Robinson St,KINGSFORD,6701,WA,-24.862266,113.701162,None,False,True,True,False,False,DSL,,,
20260327T174521Z,DSL,1365,Shell Geraldton Truckstop,SHL,102 Deepdale Rd,MERU,6530,WA,-28.792848,114.690973,None,False,False,False,False,True,DSL,,,
20260327T174521Z,DSL,1101,Mt Barker Fuel Services,IND,48 Lowood Rd,MOUNT BARKER,6324,WA,-34.632214,117.663471,None,False,False,False,False,True,DSL,,,
20260327T174521Z,DSL,1403,Yarrumba Service Station,LIB,21 Jose St,MULLEWA,6630,WA,-28.539841,115.511837,Conditional,False,True,True,False,False,DSL,,,
20260327T174521Z,DSL,1948,Condello's Liquor Waterloo,PHX,14755 South Western Hwy,PICTON EAST,6229,WA,-33.339593,115.723288,None,False,False,True,False,False,DSL,,,
20260327T174521Z,DSL,2336,S-Bend Caravan Park,LIB,27 Company Rd,SOUTH GREENOUGH,6528,WA,-28.984502,114.774161,None,False,True,True,False,False,DSL,,,
20260327T174521Z,DSL,992,Walkaway General Store,IND,1 Evans Rd,WALKAWAY,6528,WA,-28.940137,114.801816,Conditional,False,False,True,False,False,DSL,,,
20260327T174521Z,DSL,369,De Rosa's Highway Motors,IND,8222 South Western Hwy,WAROONA,6215,WA,-32.835836,115.917882,Conditional,False,False,True,False,False,DSL,,,
20260327T174521Z,DSL,1802,Ampol Albany Diesel Stop,AMP,634 Menang Dr,WILLYUNG,6330,WA,-34.959873,117.886725,None,False,False,True,False,True,DSL,,,
